Time_s,Left_Speed_m_s,Right_Speed_m_s,Left_Dist_m,Right_Dist_m,PWM_Left,PWM_Right,Target_Speed
0.0000,0.0000,0.0000,0.0000,0.0000,0.0,0.0,0.0000
0.0015,0.0000,0.0000,0.0000,0.0000,3.9,3.5,0.0053
0.0029,0.0000,0.0000,0.0000,0.0000,7.5,6.8,0.0103
0.0045,0.0000,0.0000,0.0000,0.0000,11.6,10.5,0.0158
0.0059,0.0000,0.0000,0.0000,0.0000,15.3,13.8,0.0208
0.0074,0.0000,0.0000,0.0000,0.0000,19.0,17.2,0.0258
0.0087,0.0000,0.0000,0.0000,0.0000,22.6,20.4,0.0306
0.0101,0.0000,0.0000,0.0000,0.0000,26.3,23.7,0.0355
0.0115,0.0000,0.0000,0.0000,0.0000,29.8,26.9,0.0401
0.0128,0.0000,0.0000,0.0000,0.0000,33.4,30.0,0.0448
0.0142,0.0000,0.0000,0.0000,0.0000,37.0,33.3,0.0495
0.0155,0.0000,0.0000,0.0000,0.0000,40.7,36.6,0.0543
0.0168,0.0000,0.0000,0.0000,0.0000,44.2,39.7,0.0588
0.0181,0.0000,0.0000,0.0000,0.0000,47.8,42.9,0.0635
0.0195,0.0000,0.0000,0.0000,0.0000,51.5,46.3,0.0683
0.0211,0.0000,0.0000,0.0000,0.0000,56.0,50.3,0.0740
0.0226,0.0000,0.0000,0.0000,0.0000,60.0,53.8,0.0791
0.0240,0.0000,0.0000,0.0000,0.0000,63.9,57.2,0.0839
0.0254,0.0000,0.0000,0.0000,0.0000,67.7,60.7,0.0888
0.0267,0.0000,0.0000,0.0000,0.0000,71.5,64.0,0.0935
0.0280,0.0000,0.0000,0.0000,0.0000,75.2,67.3,0.0981
0.0293,0.0000,0.0000,0.0000,0.0000,79.0,70.6,0.1027
0.0307,0.0000,0.0000,0.0000,0.0000,82.7,73.9,0.1073
0.0320,0.0000,0.0000,0.0000,0.0000,86.5,77.3,0.1120
0.0334,0.0000,0.0000,0.0000,0.0000,90.6,80.9,0.1170
0.0349,0.0000,0.0000,0.0000,0.0000,94.8,84.5,0.1221
0.0362,0.0000,0.0252,0.0000,0.0000,98.7,71.4,0.1268
0.0376,0.0000,0.0000,0.0000,0.0000,102.7,91.5,0.1317
0.0390,0.0000,0.0000,0.0000,0.0000,106.7,95.0,0.1364
0.0403,0.0000,0.0000,0.0000,0.0000,110.5,98.3,0.1410
0.0418,0.0000,0.0000,0.0000,0.0000,114.9,102.1,0.1462
0.0432,0.0000,0.0000,0.0000,0.0000,119.1,105.9,0.1512
0.0446,0.0000,0.0000,0.0000,0.0000,123.2,109.4,0.1560
0.0459,0.0263,0.0000,0.0000,0.0000,107.9,112.9,0.1606
0.0472,0.0000,0.0000,0.0000,0.0000,131.1,116.4,0.1653
0.0487,0.0000,0.0000,0.0000,0.0000,135.4,120.1,0.1703
0.0500,0.0000,0.0000,0.0000,0.0000,139.6,123.8,0.1752
0.0514,0.0000,0.0000,0.0000,0.0000,143.5,127.3,0.1797
0.0527,0.0000,0.0000,0.0000,0.0000,147.6,130.8,0.1844
0.0541,0.0238,0.0000,0.0001,0.0000,134.7,134.7,0.1895
0.0556,0.0000,0.0000,0.0001,0.0000,156.3,138.5,0.1945
0.0569,0.0000,0.0000,0.0001,0.0000,160.5,142.1,0.1992
0.0583,0.0000,0.0000,0.0001,0.0000,164.8,145.8,0.2040
0.0597,0.0239,0.0000,0.0001,0.0000,151.9,149.7,0.2091
0.0611,0.0000,0.0000,0.0001,0.0000,173.6,153.5,0.2139
0.0624,0.0262,0.0262,0.0001,0.0001,158.6,139.7,0.2185
0.0638,0.0000,0.0000,0.0001,0.0001,181.8,160.6,0.2232
0.0651,0.0255,0.0000,0.0002,0.0001,167.5,164.3,0.2279
0.0665,0.0252,0.0000,0.0002,0.0001,172.0,168.1,0.2327
0.0678,0.0000,0.0000,0.0002,0.0001,194.4,171.7,0.2372
0.0691,0.0260,0.0000,0.0002,0.0001,179.7,175.3,0.2419
0.0705,0.0255,0.0255,0.0003,0.0001,184.3,162.2,0.2466
0.0718,0.0254,0.0000,0.0003,0.0001,188.8,182.8,0.2514
0.0735,0.0203,0.0203,0.0003,0.0001,197.9,174.2,0.2573
0.0752,0.0209,0.0419,0.0004,0.0002,202.7,164.5,0.2631
0.0769,0.0406,0.0203,0.0004,0.0002,193.8,183.4,0.2690
0.0783,0.0236,0.0236,0.0005,0.0003,210.9,185.2,0.2741
0.0798,0.0236,0.0236,0.0005,0.0003,215.7,189.4,0.2793
0.0812,0.0248,0.0248,0.0006,0.0003,219.3,192.5,0.2841
0.0825,0.0508,0.0508,0.0006,0.0004,204.8,179.2,0.2889
0.0839,0.0264,0.0264,0.0007,0.0004,220.0,198.9,0.2935
0.0852,0.0261,0.0261,0.0007,0.0005,220.0,202.8,0.2981
0.0866,0.0497,0.0249,0.0008,0.0005,218.7,207.5,0.3030
0.0879,0.0257,0.0514,0.0008,0.0006,220.0,193.8,0.3077
0.0892,0.0515,0.0515,0.0009,0.0007,220.0,197.6,0.3124
0.0907,0.0239,0.0478,0.0009,0.0007,220.0,204.0,0.3174
0.0921,0.0243,0.0243,0.0009,0.0008,220.0,220.0,0.3224
0.0934,0.0524,0.0785,0.0010,0.0009,220.0,191.6,0.3270
0.0947,0.0265,0.0529,0.0010,0.0009,220.0,212.1,0.3316
0.0961,0.0523,0.0523,0.0011,0.0010,220.0,216.3,0.3362
0.0974,0.0249,0.0498,0.0011,0.0011,220.0,220.0,0.3410
0.0988,0.0494,0.0741,0.0012,0.0012,220.0,209.9,0.3459
0.1002,0.0251,0.0501,0.0012,0.0012,220.0,220.0,0.3508
0.1016,0.0505,0.0757,0.0013,0.0013,220.0,216.6,0.3555
0.1029,0.0518,0.0777,0.0014,0.0014,220.0,219.2,0.3602
0.1042,0.0530,0.0530,0.0014,0.0015,220.0,220.0,0.3648
0.1055,0.0264,0.0791,0.0015,0.0016,220.0,220.0,0.3693
0.1070,0.0473,0.0709,0.0016,0.0017,220.0,220.0,0.3745
0.1084,0.0721,0.0721,0.0017,0.0018,220.0,220.0,0.3795
0.1098,0.0517,0.1034,0.0017,0.0020,220.0,220.0,0.3842
0.1111,0.0529,0.0794,0.0018,0.0021,220.0,220.0,0.3887
0.1124,0.0519,0.0779,0.0019,0.0022,220.0,220.0,0.3934
0.1138,0.0505,0.1010,0.0019,0.0023,220.0,220.0,0.3982
0.1151,0.0526,0.0789,0.0020,0.0024,220.0,220.0,0.4027
0.1164,0.0794,0.1058,0.0021,0.0026,220.0,220.0,0.4073
0.1177,0.0525,0.0788,0.0022,0.0027,220.0,220.0,0.4119
0.1191,0.0759,0.1265,0.0023,0.0028,220.0,220.0,0.4167
0.1204,0.0528,0.0792,0.0023,0.0029,220.0,220.0,0.4213
0.1217,0.0789,0.1051,0.0025,0.0031,220.0,220.0,0.4259
0.1230,0.0787,0.1311,0.0026,0.0032,220.0,220.0,0.4305
0.1244,0.0759,0.1012,0.0027,0.0034,220.0,220.0,0.4352
0.1258,0.0726,0.0967,0.0028,0.0035,220.0,220.0,0.4402
0.1273,0.0897,0.1121,0.0029,0.0037,220.0,220.0,0.4456
0.1288,0.0696,0.1160,0.0030,0.0039,220.0,220.0,0.4508
0.1304,0.0889,0.1334,0.0031,0.0041,220.0,220.0,0.4563
0.1319,0.0918,0.1148,0.0033,0.0042,220.0,220.0,0.4615
0.1333,0.0939,0.1174,0.0034,0.0044,220.0,220.0,0.4667
0.1348,0.0962,0.1443,0.0036,0.0046,220.0,220.0,0.4717
0.1362,0.0723,0.1205,0.0037,0.0048,220.0,220.0,0.4767
0.1376,0.1203,0.1444,0.0038,0.0050,220.0,220.0,0.4817
0.1390,0.0744,0.1240,0.0039,0.0052,220.0,220.0,0.4866
0.1404,0.0975,0.1463,0.0041,0.0054,220.0,220.0,0.4916
0.1419,0.0981,0.1472,0.0042,0.0056,220.0,220.0,0.4965
0.1432,0.1017,0.1271,0.0043,0.0058,220.0,220.0,0.5012
0.1445,0.1067,0.1600,0.0045,0.0060,220.0,220.0,0.5058
0.1458,0.1030,0.1544,0.0046,0.0062,220.0,220.0,0.5105
0.1472,0.1028,0.1285,0.0048,0.0064,220.0,220.0,0.5152
0.1486,0.1011,0.1517,0.0049,0.0066,220.0,220.0,0.5199
0.1499,0.1065,0.1598,0.0050,0.0068,220.0,220.0,0.5245
0.1512,0.1033,0.1549,0.0052,0.0070,220.0,220.0,0.5292
0.1526,0.1004,0.1506,0.0053,0.0072,220.0,220.0,0.5340
0.1539,0.0772,0.1802,0.0054,0.0074,220.0,220.0,0.5387
0.1552,0.1063,0.1595,0.0056,0.0076,220.0,220.0,0.5432
0.1565,0.1033,0.1807,0.0057,0.0079,220.0,220.0,0.5479
0.1579,0.1021,0.1532,0.0058,0.0081,220.0,220.0,0.5526
0.1592,0.1280,0.1535,0.0060,0.0083,220.0,220.0,0.5573
0.1616,0.1021,0.1896,0.0062,0.0087,220.0,220.0,0.5656
0.1631,0.1184,0.1657,0.0064,0.0090,220.0,220.0,0.5707
0.1645,0.0985,0.1723,0.0066,0.0092,220.0,220.0,0.5756
0.1658,0.1310,0.2095,0.0067,0.0095,220.0,220.0,0.5802
0.1671,0.1059,0.2118,0.0069,0.0098,220.0,220.0,0.5848
0.1684,0.1305,0.1827,0.0070,0.0100,220.0,220.0,0.5894
0.1698,0.1269,0.2031,0.0072,0.0103,220.0,220.0,0.5942
0.1711,0.1291,0.2065,0.0074,0.0106,220.0,220.0,0.5989
0.1724,0.1318,0.2109,0.0076,0.0108,220.0,220.0,0.6035
0.1737,0.1300,0.2079,0.0077,0.0111,220.0,220.0,0.6081
0.1751,0.1264,0.2276,0.0079,0.0114,220.0,220.0,0.6129
0.1765,0.1285,0.2056,0.0081,0.0117,220.0,220.0,0.6176
0.1780,0.1545,0.2208,0.0083,0.0120,220.0,220.0,0.6231
0.1795,0.1361,0.2268,0.0085,0.0124,220.0,220.0,0.6284
0.1810,0.1709,0.2198,0.0088,0.0127,220.0,220.0,0.6333
0.1823,0.1554,0.2071,0.0090,0.0130,220.0,220.0,0.6380
0.1836,0.1586,0.2379,0.0092,0.0133,220.0,220.0,0.6426
0.1849,0.1556,0.2334,0.0094,0.0136,220.0,220.0,0.6472
0.1863,0.1261,0.2521,0.0096,0.0139,220.0,220.0,0.6520
0.1876,0.1532,0.2297,0.0098,0.0143,220.0,220.0,0.6567
0.1889,0.1586,0.2379,0.0100,0.0146,220.0,220.0,0.6613
0.1903,0.1561,0.2341,0.0102,0.0149,220.0,220.0,0.6660
0.1916,0.1293,0.2327,0.0104,0.0152,220.0,220.0,0.6706
0.1930,0.1543,0.2571,0.0106,0.0155,220.0,220.0,0.6753
0.1943,0.1593,0.2389,0.0108,0.0158,220.0,220.0,0.6799
0.1956,0.1559,0.2339,0.0110,0.0162,220.0,220.0,0.6845
0.1969,0.1540,0.2566,0.0112,0.0165,220.0,220.0,0.6892
0.1983,0.1527,0.2290,0.0114,0.0168,220.0,220.0,0.6940
0.1996,0.1599,0.2399,0.0116,0.0171,220.0,220.0,0.6985
0.2009,0.1525,0.2542,0.0118,0.0175,220.0,220.0,0.7000
0.2023,0.1532,0.2553,0.0120,0.0178,220.0,220.0,0.7000
0.2036,0.1804,0.2320,0.0123,0.0181,220.0,220.0,0.7000
0.2049,0.1586,0.2644,0.0125,0.0185,220.0,220.0,0.7000
0.2063,0.1819,0.2339,0.0127,0.0188,220.0,220.0,0.7000
0.2077,0.1682,0.2403,0.0129,0.0191,220.0,220.0,0.7000
0.2091,0.1921,0.2641,0.0132,0.0195,220.0,220.0,0.7000
0.2105,0.1514,0.2776,0.0134,0.0199,220.0,220.0,0.7000
0.2118,0.1814,0.2591,0.0137,0.0202,220.0,220.0,0.7000
0.2132,0.2041,0.2552,0.0139,0.0206,220.0,220.0,0.7000
0.2145,0.1780,0.2797,0.0142,0.0210,220.0,220.0,0.7000
0.2158,0.1872,0.2675,0.0144,0.0213,220.0,220.0,0.7000
0.2172,0.2033,0.2542,0.0147,0.0216,220.0,220.0,0.7000
0.2186,0.1986,0.2482,0.0150,0.0220,220.0,220.0,0.7000
0.2200,0.1649,0.2827,0.0152,0.0224,220.0,220.0,0.7000
0.2215,0.1929,0.2894,0.0155,0.0228,220.0,220.0,0.7000
0.2229,0.1989,0.2735,0.0158,0.0232,220.0,220.0,0.7000
0.2243,0.1705,0.2679,0.0160,0.0236,220.0,220.0,0.7000
0.2259,0.1962,0.2833,0.0163,0.0240,220.0,220.0,0.7000
0.2272,0.2005,0.2757,0.0166,0.0244,220.0,220.0,0.7000
0.2286,0.2004,0.3006,0.0169,0.0248,220.0,220.0,0.7000
0.2300,0.2023,0.2782,0.0172,0.0252,220.0,220.0,0.7000
0.2313,0.2370,0.3160,0.0175,0.0256,220.0,220.0,0.7000
0.2326,0.2115,0.2909,0.0177,0.0260,220.0,220.0,0.7000
0.2339,0.2071,0.2847,0.0180,0.0264,220.0,220.0,0.7000
0.2353,0.2022,0.3033,0.0183,0.0268,220.0,220.0,0.7000
0.2366,0.2329,0.3105,0.0186,0.0272,220.0,220.0,0.7000
0.2379,0.2110,0.2902,0.0189,0.0276,220.0,220.0,0.7000
0.2394,0.2299,0.3219,0.0192,0.0281,220.0,220.0,0.7000
0.2409,0.2191,0.3165,0.0195,0.0285,220.0,220.0,0.7000
0.2422,0.2257,0.3260,0.0198,0.0290,220.0,220.0,0.7000
0.2435,0.2137,0.3206,0.0201,0.0294,220.0,220.0,0.7000
0.2449,0.2330,0.3107,0.0204,0.0298,220.0,220.0,0.7000
0.2462,0.2550,0.3314,0.0208,0.0302,220.0,220.0,0.7000
0.2476,0.2314,0.3085,0.0211,0.0306,220.0,220.0,0.7000
0.2489,0.2405,0.3206,0.0214,0.0311,220.0,220.0,0.7000
0.2502,0.2595,0.3114,0.0217,0.0315,220.0,220.0,0.7000
0.2515,0.2568,0.3338,0.0221,0.0319,220.0,220.0,0.7000
0.2529,0.2332,0.3110,0.0224,0.0323,220.0,220.0,0.7000
0.2542,0.2643,0.3172,0.0227,0.0328,220.0,220.0,0.7000
0.2557,0.2455,0.3124,0.0231,0.0332,220.0,220.0,0.7000
0.2571,0.2429,0.3401,0.0235,0.0337,220.0,220.0,0.7000
0.2585,0.2499,0.3249,0.0238,0.0342,220.0,220.0,0.7000
0.2598,0.2371,0.3425,0.0241,0.0346,220.0,220.0,0.7000
0.2612,0.2335,0.3373,0.0244,0.0351,220.0,220.0,0.7000
0.2625,0.2508,0.3261,0.0248,0.0355,220.0,220.0,0.7000
0.2639,0.2600,0.3380,0.0251,0.0360,220.0,220.0,0.7000
0.2652,0.2646,0.3440,0.0255,0.0364,220.0,220.0,0.7000
0.2665,0.2668,0.3202,0.0258,0.0368,220.0,220.0,0.7000
0.2678,0.2786,0.3546,0.0262,0.0373,220.0,220.0,0.7000
0.2692,0.2538,0.3553,0.0265,0.0378,220.0,220.0,0.7000
0.2705,0.2880,0.3403,0.0269,0.0382,220.0,220.0,0.7000
0.2718,0.2662,0.3460,0.0273,0.0387,220.0,220.0,0.7000
0.2733,0.2744,0.3659,0.0277,0.0392,220.0,220.0,0.7000
0.2747,0.2678,0.3409,0.0281,0.0397,220.0,220.0,0.7000
0.2761,0.2841,0.3616,0.0284,0.0402,220.0,220.0,0.7000
0.2774,0.2621,0.3669,0.0288,0.0407,220.0,220.0,0.7000
0.2787,0.3086,0.3857,0.0292,0.0412,220.0,220.0,0.7000
0.2802,0.2739,0.3652,0.0296,0.0418,220.0,220.0,0.7000
0.2816,0.2724,0.3715,0.0300,0.0423,220.0,220.0,0.7000
0.2830,0.3058,0.3823,0.0304,0.0428,220.0,220.0,0.7000
0.2845,0.2971,0.3657,0.0309,0.0434,220.0,220.0,0.7000
0.2859,0.2873,0.3831,0.0313,0.0439,220.0,220.0,0.7000
0.2873,0.3026,0.3783,0.0317,0.0444,220.0,220.0,0.7000
0.2887,0.2860,0.3813,0.0321,0.0450,220.0,220.0,0.7000
0.2902,0.2895,0.4102,0.0325,0.0456,220.0,220.0,0.7000
0.2916,0.2899,0.3865,0.0329,0.0461,220.0,220.0,0.7000
0.2930,0.3015,0.4020,0.0333,0.0467,220.0,220.0,0.7000
0.2943,0.2929,0.3995,0.0337,0.0472,220.0,220.0,0.7000
0.2956,0.3102,0.4135,0.0341,0.0477,220.0,220.0,0.7000
0.2970,0.3271,0.4277,0.0346,0.0483,220.0,220.0,0.7000
0.2984,0.2990,0.3737,0.0350,0.0488,220.0,220.0,0.7000
0.2997,0.3395,0.3917,0.0354,0.0494,220.0,220.0,0.7000
0.3010,0.3117,0.4155,0.0359,0.0499,220.0,220.0,0.7000
0.3024,0.3247,0.4246,0.0363,0.0505,220.0,220.0,0.7000
0.3037,0.3148,0.3935,0.0367,0.0510,220.0,220.0,0.7000
0.3052,0.3236,0.4161,0.0372,0.0516,220.0,220.0,0.7000
0.3066,0.3179,0.4157,0.0377,0.0522,220.0,220.0,0.7000
0.3080,0.3425,0.4159,0.0381,0.0528,220.0,220.0,0.7000
0.3094,0.3288,0.4047,0.0386,0.0534,220.0,220.0,0.7000
0.3107,0.3432,0.3960,0.0390,0.0539,220.0,220.0,0.7000
0.3120,0.3362,0.4138,0.0395,0.0544,220.0,220.0,0.7000
0.3134,0.3210,0.4198,0.0399,0.0550,220.0,220.0,0.7000
0.3149,0.3332,0.4284,0.0404,0.0556,220.0,220.0,0.7000
0.3163,0.3253,0.4254,0.0409,0.0562,220.0,220.0,0.7000
0.3177,0.3445,0.4429,0.0413,0.0568,220.0,220.0,0.7000
0.3191,0.3425,0.4159,0.0418,0.0574,220.0,220.0,0.7000
0.3204,0.3374,0.4153,0.0423,0.0580,220.0,220.0,0.7000
0.3217,0.3396,0.4180,0.0427,0.0585,220.0,220.0,0.7000
0.3231,0.3631,0.4669,0.0432,0.0592,220.0,220.0,0.7000
0.3244,0.3806,0.4567,0.0437,0.0598,220.0,220.0,0.7000
0.3258,0.3575,0.4086,0.0442,0.0603,220.0,220.0,0.7000
0.3271,0.3493,0.4568,0.0447,0.0609,220.0,220.0,0.7000
0.3284,0.3671,0.4720,0.0451,0.0615,220.0,220.0,0.7000
0.3297,0.3259,0.4512,0.0456,0.0622,220.0,220.0,0.7000
0.3312,0.3666,0.4644,0.0461,0.0628,220.0,220.0,0.7000
0.3325,0.3540,0.4299,0.0466,0.0634,220.0,220.0,0.7000
0.3338,0.3385,0.4948,0.0470,0.0641,220.0,220.0,0.7000
0.3352,0.3754,0.4505,0.0476,0.0647,220.0,220.0,0.7000
0.3366,0.3634,0.4672,0.0480,0.0653,220.0,220.0,0.7000
0.3379,0.3688,0.4478,0.0485,0.0659,220.0,220.0,0.7000
0.3392,0.3807,0.4568,0.0490,0.0665,220.0,220.0,0.7000
0.3406,0.3763,0.4767,0.0496,0.0672,220.0,220.0,0.7000
0.3419,0.3686,0.4739,0.0500,0.0678,220.0,220.0,0.7000
0.3432,0.3643,0.4684,0.0505,0.0684,220.0,220.0,0.7000
0.3447,0.3666,0.4811,0.0511,0.0691,220.0,220.0,0.7000
0.3462,0.3864,0.4830,0.0516,0.0698,220.0,220.0,0.7000
0.3475,0.3546,0.4813,0.0521,0.0705,220.0,220.0,0.7000
0.3489,0.3943,0.4732,0.0526,0.0711,220.0,220.0,0.7000
0.3502,0.3916,0.4960,0.0532,0.0718,220.0,220.0,0.7000
0.3515,0.4037,0.4794,0.0537,0.0724,220.0,220.0,0.7000
0.3529,0.3870,0.4902,0.0542,0.0731,220.0,220.0,0.7000
0.3542,0.3691,0.4746,0.0547,0.0737,220.0,220.0,0.7000
0.3555,0.3922,0.5230,0.0552,0.0744,220.0,220.0,0.7000
0.3569,0.3821,0.4840,0.0557,0.0750,220.0,220.0,0.7000
0.3584,0.4118,0.5034,0.0564,0.0758,220.0,220.0,0.7000
0.3598,0.4199,0.4940,0.0569,0.0765,220.0,220.0,0.7000
0.3613,0.4183,0.5113,0.0576,0.0772,220.0,220.0,0.7000
0.3627,0.3917,0.4896,0.0581,0.0779,220.0,220.0,0.7000
0.3641,0.3916,0.5384,0.0587,0.0787,220.0,220.0,0.7000
0.3655,0.3978,0.4972,0.0592,0.0794,220.0,220.0,0.7000
0.3669,0.4106,0.5072,0.0598,0.0801,220.0,220.0,0.7000
0.3683,0.3723,0.4964,0.0603,0.0808,220.0,220.0,0.7000
0.3696,0.4143,0.5437,0.0609,0.0815,220.0,220.0,0.7000
0.3711,0.4085,0.5527,0.0615,0.0823,220.0,220.0,0.7000
0.3724,0.4241,0.4989,0.0621,0.0830,220.0,220.0,0.7000
0.3738,0.4042,0.5053,0.0626,0.0837,220.0,220.0,0.7000
0.3752,0.3807,0.5583,0.0631,0.0845,220.0,220.0,0.7000
0.3765,0.4074,0.5602,0.0637,0.0852,220.0,220.0,0.7000
0.3778,0.4015,0.5353,0.0642,0.0859,220.0,220.0,0.7000
0.3791,0.3899,0.5459,0.0647,0.0866,220.0,220.0,0.7000
0.3805,0.4225,0.4722,0.0653,0.0873,220.0,220.0,0.7000
0.3820,0.4100,0.5547,0.0659,0.0881,220.0,220.0,0.7000
0.3833,0.4028,0.5538,0.0664,0.0888,220.0,220.0,0.7000
0.3847,0.3982,0.5475,0.0670,0.0896,220.0,220.0,0.7000
0.3861,0.4256,0.5508,0.0676,0.0904,220.0,220.0,0.7000
0.3875,0.4121,0.5091,0.0682,0.0911,220.0,220.0,0.7000
0.3889,0.4009,0.5764,0.0687,0.0919,220.0,220.0,0.7000
0.3902,0.4105,0.5645,0.0693,0.0926,220.0,220.0,0.7000
0.3916,0.4210,0.5449,0.0699,0.0934,220.0,220.0,0.7000
0.3931,0.4101,0.5548,0.0704,0.0942,220.0,220.0,0.7000
0.3944,0.4100,0.5382,0.0710,0.0949,220.0,220.0,0.7000
0.3957,0.4394,0.5686,0.0716,0.0957,220.0,220.0,0.7000
0.3971,0.4210,0.5944,0.0722,0.0965,220.0,220.0,0.7000
0.3986,0.4097,0.5543,0.0728,0.0973,220.0,220.0,0.7000
0.3999,0.4296,0.5559,0.0733,0.0981,220.0,220.0,0.7000
0.4013,0.4298,0.5815,0.0739,0.0988,220.0,220.0,0.7000
0.4029,0.4230,0.5711,0.0746,0.0998,220.0,220.0,0.7000
0.4043,0.4264,0.5769,0.0752,0.1006,220.0,220.0,0.7000
0.4056,0.4488,0.5807,0.0758,0.1013,220.0,220.0,0.7000
0.4069,0.4185,0.6016,0.0763,0.1021,220.0,220.0,0.7000
0.4083,0.4505,0.5506,0.0770,0.1029,220.0,220.0,0.7000
0.4097,0.4046,0.5563,0.0775,0.1036,220.0,220.0,0.7000
0.4110,0.4462,0.6037,0.0781,0.1044,220.0,220.0,0.7000
0.4124,0.4339,0.5786,0.0787,0.1053,220.0,220.0,0.7000
0.4138,0.4173,0.5645,0.0793,0.1061,220.0,220.0,0.7000
0.4152,0.4435,0.5479,0.0799,0.1068,220.0,220.0,0.7000
0.4165,0.4227,0.5813,0.0805,0.1075,220.0,220.0,0.7000
0.4178,0.4374,0.5917,0.0810,0.1083,220.0,220.0,0.7000
0.4192,0.4269,0.6027,0.0816,0.1092,220.0,220.0,0.7000
0.4205,0.4161,0.5722,0.0822,0.1099,220.0,220.0,0.7000
0.4218,0.4252,0.5580,0.0827,0.1107,220.0,220.0,0.7000
0.4231,0.4466,0.6042,0.0833,0.1114,220.0,220.0,0.7000
0.4245,0.4797,0.6059,0.0840,0.1123,220.0,220.0,0.7000
0.4259,0.4099,0.5787,0.0846,0.1131,220.0,220.0,0.7000
0.4273,0.4267,0.6023,0.0851,0.1139,220.0,220.0,0.7000
0.4287,0.4282,0.5947,0.0858,0.1148,220.0,220.0,0.7000
0.4301,0.4173,0.6259,0.0863,0.1156,220.0,220.0,0.7000
0.4314,0.4454,0.6288,0.0869,0.1165,220.0,220.0,0.7000
0.4329,0.4228,0.5872,0.0875,0.1173,220.0,220.0,0.7000
0.4343,0.4656,0.6127,0.0882,0.1182,220.0,220.0,0.7000
0.4360,0.4488,0.5916,0.0889,0.1192,220.0,220.0,0.7000
0.4375,0.4300,0.5884,0.0896,0.1201,220.0,220.0,0.7000
0.4389,0.4310,0.6225,0.0902,0.1210,220.0,220.0,0.7000
0.4403,0.4257,0.6010,0.0908,0.1218,220.0,220.0,0.7000
0.4417,0.4556,0.6075,0.0914,0.1226,220.0,220.0,0.7000
0.4431,0.4463,0.6198,0.0921,0.1235,220.0,220.0,0.7000
0.4445,0.4638,0.5859,0.0927,0.1243,220.0,220.0,0.7000
0.4458,0.4530,0.5789,0.0933,0.1251,220.0,220.0,0.7000
0.4472,0.4732,0.5978,0.0940,0.1259,220.0,220.0,0.7000
0.4486,0.4415,0.6132,0.0946,0.1268,220.0,220.0,0.7000
0.4500,0.4509,0.6263,0.0952,0.1277,220.0,220.0,0.7000
0.4514,0.4507,0.6010,0.0958,0.1285,220.0,220.0,0.7000
0.4528,0.4506,0.5758,0.0965,0.1293,220.0,220.0,0.7000
0.4541,0.4699,0.6266,0.0971,0.1301,220.0,220.0,0.7000
0.4554,0.4506,0.6626,0.0977,0.1310,220.0,220.0,0.7000
0.4567,0.4430,0.6515,0.0983,0.1318,220.0,220.0,0.7000
0.4581,0.4779,0.6037,0.0989,0.1327,220.0,220.0,0.7000
0.4594,0.4453,0.6025,0.0995,0.1335,220.0,220.0,0.7000
0.4607,0.4506,0.6097,0.1001,0.1343,220.0,220.0,0.7000
0.4620,0.4685,0.6247,0.1007,0.1351,220.0,220.0,0.7000
0.4634,0.4515,0.6522,0.1013,0.1360,220.0,220.0,0.7000
0.4648,0.4603,0.6056,0.1020,0.1369,220.0,220.0,0.7000
0.4662,0.4514,0.6521,0.1026,0.1377,220.0,220.0,0.7000
0.4676,0.4546,0.6314,0.1032,0.1386,220.0,220.0,0.7000
0.4689,0.4552,0.6323,0.1039,0.1395,220.0,220.0,0.7000
0.4702,0.4533,0.6133,0.1044,0.1403,220.0,220.0,0.7000
0.4715,0.4509,0.6100,0.1050,0.1411,220.0,220.0,0.7000
0.4729,0.4905,0.6195,0.1057,0.1419,220.0,220.0,0.7000
0.4742,0.4795,0.6309,0.1063,0.1428,220.0,220.0,0.7000
0.4756,0.4675,0.6493,0.1070,0.1436,220.0,220.0,0.7000
0.4769,0.4776,0.6103,0.1076,0.1444,220.0,220.0,0.7000
0.4782,0.4637,0.6183,0.1082,0.1452,220.0,220.0,0.7000
0.4796,0.4623,0.6326,0.1089,0.1461,220.0,220.0,0.7000
0.4810,0.4495,0.6243,0.1095,0.1470,220.0,220.0,0.7000
0.4824,0.4961,0.6201,0.1102,0.1479,220.0,220.0,0.7000
0.4838,0.4801,0.6570,0.1108,0.1488,220.0,220.0,0.7000
0.4851,0.5034,0.6544,0.1115,0.1497,220.0,220.0,0.7000
0.4865,0.4650,0.6200,0.1121,0.1505,220.0,220.0,0.7000
0.4878,0.4756,0.6077,0.1128,0.1513,220.0,220.0,0.7000
0.4891,0.4713,0.6546,0.1134,0.1521,220.0,220.0,0.7000
0.4905,0.5041,0.6302,0.1141,0.1530,220.0,220.0,0.7000
0.4918,0.4939,0.6499,0.1147,0.1539,220.0,220.0,0.7000
0.4931,0.4765,0.6618,0.1153,0.1547,220.0,220.0,0.7000
0.4944,0.4707,0.6276,0.1160,0.1556,220.0,220.0,0.7000
0.4958,0.4764,0.6519,0.1166,0.1565,220.0,220.0,0.7000
0.4971,0.4855,0.6389,0.1173,0.1573,220.0,220.0,0.7000
0.4985,0.4919,0.6213,0.1179,0.1581,220.0,220.0,0.7000
0.4999,0.4846,0.6300,0.1186,0.1590,220.0,220.0,0.7000
0.5013,0.4839,0.6533,0.1193,0.1600,220.0,220.0,0.7000
0.5027,0.5164,0.6196,0.1200,0.1608,220.0,220.0,0.7000
0.5040,0.4769,0.6359,0.1206,0.1616,220.0,220.0,0.7000
0.5053,0.4952,0.6256,0.1213,0.1625,220.0,220.0,0.7000
0.5067,0.4781,0.6291,0.1219,0.1633,220.0,220.0,0.7000
0.5080,0.4974,0.6283,0.1226,0.1642,220.0,220.0,0.7000
0.5093,0.5014,0.6597,0.1233,0.1650,220.0,220.0,0.7000
0.5106,0.5247,0.6296,0.1239,0.1658,220.0,220.0,0.7000
0.5120,0.5053,0.6569,0.1246,0.1667,220.0,220.0,0.7000
0.5133,0.4951,0.6515,0.1253,0.1676,220.0,220.0,0.7000
0.5147,0.5126,0.6346,0.1260,0.1685,220.0,220.0,0.7000
0.5161,0.5183,0.6416,0.1267,0.1694,220.0,220.0,0.7000
0.5175,0.4872,0.6333,0.1274,0.1703,220.0,220.0,0.7000
0.5189,0.5159,0.6707,0.1281,0.1712,220.0,220.0,0.7000
0.5203,0.5423,0.6655,0.1289,0.1721,220.0,220.0,0.7000
0.5217,0.5107,0.6323,0.1296,0.1730,220.0,220.0,0.7000
0.5231,0.5041,0.6302,0.1303,0.1739,220.0,220.0,0.7000
0.5244,0.5013,0.6332,0.1309,0.1747,220.0,220.0,0.7000
0.5257,0.5266,0.6520,0.1317,0.1756,220.0,220.0,0.7000
0.5271,0.5157,0.6385,0.1324,0.1765,220.0,220.0,0.7000
0.5285,0.5232,0.6228,0.1331,0.1774,220.0,220.0,0.7000
0.5299,0.5205,0.6245,0.1338,0.1782,220.0,220.0,0.7000
0.5312,0.5291,0.6349,0.1345,0.1790,220.0,220.0,0.7000
0.5325,0.5294,0.6618,0.1352,0.1799,220.0,220.0,0.7000
0.5339,0.5068,0.6517,0.1359,0.1808,220.0,220.0,0.7000
0.5353,0.5377,0.6355,0.1367,0.1817,220.0,220.0,0.7000
0.5367,0.5073,0.6342,0.1374,0.1826,220.0,220.0,0.7000
0.5380,0.5332,0.6665,0.1381,0.1834,220.0,220.0,0.7000
0.5393,0.5291,0.6802,0.1388,0.1844,220.0,220.0,0.7000
0.5408,0.5249,0.6442,0.1395,0.1853,220.0,220.0,0.7000
0.5422,0.5198,0.6436,0.1403,0.1862,220.0,220.0,0.7000
0.5435,0.5598,0.6616,0.1410,0.1871,220.0,220.0,0.7000
0.5449,0.5678,0.6710,0.1418,0.1880,220.0,220.0,0.7000
0.5463,0.5189,0.6368,0.1425,0.1889,220.0,220.0,0.7000
0.5477,0.5258,0.6510,0.1433,0.1898,220.0,220.0,0.7000
0.5490,0.4999,0.6841,0.1439,0.1907,220.0,220.0,0.7000
0.5503,0.5838,0.6634,0.1447,0.1916,220.0,220.0,0.7000
0.5518,0.5502,0.6698,0.1455,0.1926,220.0,220.0,0.7000
0.5532,0.5461,0.6454,0.1462,0.1935,220.0,220.0,0.7000
0.5545,0.5529,0.6319,0.1470,0.1943,220.0,220.0,0.7000
0.5558,0.5641,0.6716,0.1477,0.1951,220.0,220.0,0.7000
0.5572,0.5426,0.6412,0.1484,0.1960,220.0,220.0,0.7000
0.5586,0.5306,0.6512,0.1492,0.1970,220.0,220.0,0.7000
0.5600,0.5534,0.6540,0.1500,0.1979,220.0,220.0,0.7000
0.5613,0.5763,0.6811,0.1507,0.1988,220.0,220.0,0.7000
0.5626,0.5480,0.6262,0.1514,0.1996,220.0,220.0,0.7000
0.5640,0.5506,0.6758,0.1522,0.2005,220.0,220.0,0.7000
0.5654,0.5469,0.6658,0.1530,0.2015,220.0,220.0,0.7000
0.5668,0.5468,0.6462,0.1538,0.2024,220.0,220.0,0.7000
0.5682,0.5902,0.6672,0.1546,0.2033,220.0,220.0,0.7000
0.5695,0.5547,0.6555,0.1553,0.2042,220.0,220.0,0.7000
0.5710,0.5540,0.6744,0.1561,0.2052,220.0,220.0,0.7000
0.5724,0.5426,0.6905,0.1569,0.2061,220.0,220.0,0.7000
0.5738,0.5626,0.6605,0.1577,0.2071,220.0,220.0,0.7000
0.5751,0.5629,0.6396,0.1584,0.2079,220.0,220.0,0.7000
0.5765,0.5859,0.6591,0.1593,0.2088,220.0,220.0,0.7000
0.5779,0.5552,0.6562,0.1600,0.2097,220.0,220.0,0.7000
0.5792,0.5671,0.6702,0.1608,0.2106,220.0,220.0,0.7000
0.5806,0.5845,0.6608,0.1616,0.2115,220.0,220.0,0.7000
0.5819,0.5639,0.6408,0.1623,0.2124,220.0,220.0,0.7000
0.5832,0.5822,0.6616,0.1631,0.2133,220.0,220.0,0.7000
0.5846,0.5926,0.6698,0.1639,0.2142,220.0,220.0,0.7000
0.5860,0.5556,0.6566,0.1646,0.2151,220.0,220.0,0.7000
0.5873,0.5754,0.6539,0.1654,0.2159,220.0,220.0,0.7000
0.5886,0.5552,0.6609,0.1661,0.2168,220.0,220.0,0.7000
0.5900,0.5793,0.6517,0.1669,0.2177,220.0,220.0,0.7000
0.5914,0.5758,0.6718,0.1678,0.2187,220.0,220.0,0.7000
0.5928,0.5780,0.6533,0.1686,0.2196,220.0,220.0,0.7000
0.5941,0.5796,0.6850,0.1693,0.2205,220.0,220.0,0.7000
0.5955,0.5756,0.6541,0.1701,0.2213,220.0,220.0,0.7000
0.5968,0.5794,0.6549,0.1709,0.2222,220.0,220.0,0.7000
0.5983,0.5792,0.6757,0.1717,0.2232,220.0,220.0,0.7000
0.5996,0.5712,0.6706,0.1725,0.2241,220.0,220.0,0.7000
0.6010,0.5699,0.6691,0.1733,0.2251,220.0,220.0,0.7000
0.6024,0.5718,0.6712,0.1741,0.2260,220.0,220.0,0.7000
0.6038,0.5811,0.6779,0.1749,0.2270,220.0,220.0,0.7000
0.6052,0.5691,0.6433,0.1757,0.2279,220.0,220.0,0.7000
0.6066,0.5923,0.6663,0.1765,0.2288,220.0,220.0,0.7000
0.6080,0.5786,0.6792,0.1773,0.2297,220.0,220.0,0.7000
0.6094,0.5857,0.6345,0.1782,0.2306,220.0,220.0,0.7000
0.6108,0.5811,0.6821,0.1790,0.2316,220.0,220.0,0.7000
0.6121,0.5922,0.6695,0.1798,0.2325,220.0,220.0,0.7000
0.6135,0.5933,0.6922,0.1806,0.2334,220.0,220.0,0.7000
0.6150,0.5816,0.6543,0.1814,0.2344,220.0,220.0,0.7000
0.6163,0.6016,0.6518,0.1822,0.2353,220.0,220.0,0.7000
0.6177,0.5636,0.6616,0.1830,0.2362,220.0,220.0,0.7000
0.6191,0.6056,0.6813,0.1839,0.2371,220.0,220.0,0.7000
0.6205,0.5876,0.6643,0.1847,0.2380,220.0,220.0,0.7000
0.6218,0.6116,0.6914,0.1854,0.2389,220.0,220.0,0.7000
0.6232,0.6021,0.6502,0.1863,0.2398,220.0,220.0,0.7000
0.6246,0.6059,0.6544,0.1872,0.2408,220.0,220.0,0.7000
0.6260,0.5494,0.6992,0.1879,0.2417,220.0,220.0,0.7000
0.6273,0.5871,0.6671,0.1887,0.2426,220.0,220.0,0.7000
0.6286,0.5896,0.6665,0.1895,0.2435,220.0,220.0,0.7000
0.6300,0.5843,0.6606,0.1903,0.2444,220.0,220.0,0.7000
0.6313,0.5956,0.6474,0.1911,0.2453,220.0,220.0,0.7000
0.6326,0.5831,0.6891,0.1918,0.2462,220.0,220.0,0.7000
0.6340,0.5928,0.6701,0.1926,0.2471,220.0,220.0,0.7000
0.6353,0.6137,0.6649,0.1935,0.2480,220.0,220.0,0.7000
0.6366,0.5993,0.6514,0.1942,0.2488,220.0,220.0,0.7000
0.6380,0.6047,0.6310,0.1950,0.2496,220.0,220.0,0.7000
0.6394,0.5928,0.6669,0.1959,0.2506,220.0,220.0,0.7000
0.6408,0.6025,0.6989,0.1967,0.2516,220.0,220.0,0.7000
0.6422,0.5758,0.6509,0.1975,0.2525,220.0,220.0,0.7000
0.6435,0.5858,0.6656,0.1983,0.2533,220.0,220.0,0.7000
0.6448,0.6200,0.6716,0.1991,0.2542,220.0,220.0,0.7000
0.6462,0.6084,0.6844,0.1999,0.2552,220.0,220.0,0.7000
0.6475,0.5935,0.6967,0.2007,0.2561,220.0,220.0,0.7000
0.6488,0.6070,0.6598,0.2015,0.2570,220.0,220.0,0.7000
0.6501,0.6012,0.6796,0.2023,0.2579,220.0,220.0,0.7000
0.6515,0.6285,0.6537,0.2032,0.2588,220.0,220.0,0.7000
0.6528,0.5930,0.6703,0.2040,0.2597,220.0,220.0,0.7000
0.6542,0.5928,0.6959,0.2048,0.2606,220.0,220.0,0.7000
0.6556,0.5969,0.6963,0.2056,0.2616,220.0,220.0,0.7000
0.6570,0.5786,0.6750,0.2064,0.2625,220.0,220.0,0.7000
0.6584,0.6226,0.6475,0.2073,0.2634,220.0,220.0,0.7000
0.6597,0.6092,0.6346,0.2081,0.2643,220.0,220.0,0.7000
0.6611,0.5950,0.6726,0.2089,0.2652,220.0,220.0,0.7000
0.6625,0.6014,0.6766,0.2097,0.2661,220.0,220.0,0.7000
0.6638,0.6159,0.6672,0.2106,0.2670,220.0,220.0,0.7000
0.6651,0.6064,0.6591,0.2114,0.2679,220.0,220.0,0.7000
0.6664,0.6024,0.6548,0.2122,0.2687,220.0,220.0,0.7000
0.6678,0.6041,0.6545,0.2130,0.2696,220.0,220.0,0.7000
0.6691,0.6020,0.6805,0.2138,0.2705,220.0,220.0,0.7000
0.6704,0.5802,0.6857,0.2145,0.2714,220.0,220.0,0.7000
0.6717,0.6277,0.6800,0.2154,0.2723,220.0,220.0,0.7000
0.6731,0.6268,0.7020,0.2162,0.2733,220.0,220.0,0.7000
0.6746,0.6263,0.6504,0.2171,0.2742,220.0,220.0,0.7000
0.6759,0.6133,0.6900,0.2180,0.2752,220.0,220.0,0.7000
0.6773,0.6103,0.6866,0.2188,0.2761,220.0,220.0,0.7000
0.6787,0.6178,0.6919,0.2197,0.2770,220.0,220.0,0.7000
0.6801,0.6217,0.6935,0.2205,0.2780,220.0,220.0,0.7000
0.6817,0.5967,0.6630,0.2215,0.2791,220.0,220.0,0.7000
0.6831,0.6269,0.6733,0.2224,0.2801,220.0,220.0,0.7000
0.6846,0.6070,0.6770,0.2233,0.2811,220.0,220.0,0.7000
0.6860,0.5969,0.6466,0.2241,0.2820,220.0,220.0,0.7000
0.6873,0.5974,0.6754,0.2249,0.2829,220.0,220.0,0.7000
0.6886,0.6070,0.6598,0.2257,0.2837,220.0,220.0,0.7000
0.6900,0.6218,0.6995,0.2266,0.2847,220.0,220.0,0.7000
0.6914,0.6049,0.6805,0.2274,0.2856,220.0,220.0,0.7000
0.6927,0.6155,0.6668,0.2282,0.2865,220.0,220.0,0.7000
0.6941,0.6200,0.6438,0.2291,0.2874,220.0,220.0,0.7000
0.6955,0.5952,0.6696,0.2299,0.2884,220.0,220.0,0.7000
0.6969,0.5981,0.6729,0.2308,0.2893,220.0,220.0,0.7000
0.6982,0.6337,0.6865,0.2316,0.2902,220.0,220.0,0.7000
0.6997,0.6054,0.6781,0.2325,0.2912,220.0,220.0,0.7000
0.7010,0.6188,0.6703,0.2333,0.2921,220.0,220.0,0.7000
0.7024,0.6259,0.6760,0.2341,0.2930,220.0,220.0,0.7000
0.7037,0.6198,0.6972,0.2350,0.2939,220.0,220.0,0.7000
0.7050,0.6041,0.6829,0.2358,0.2948,220.0,220.0,0.7000
0.7063,0.6118,0.6916,0.2366,0.2957,220.0,220.0,0.7000
0.7077,0.6052,0.6556,0.2374,0.2966,220.0,220.0,0.7000
0.7090,0.6428,0.6685,0.2383,0.2975,220.0,220.0,0.7000
0.7103,0.6327,0.6855,0.2391,0.2984,220.0,220.0,0.7000
0.7116,0.5896,0.6700,0.2398,0.2993,220.0,220.0,0.7000
0.7130,0.6235,0.7015,0.2407,0.3002,220.0,220.0,0.7000
0.7144,0.6038,0.6279,0.2415,0.3011,220.0,220.0,0.7000
0.7158,0.6153,0.6645,0.2424,0.3020,220.0,220.0,0.7000
0.7171,0.5957,0.6734,0.2432,0.3029,220.0,220.0,0.7000
0.7185,0.6119,0.6629,0.2440,0.3038,220.0,220.0,0.7000
0.7198,0.6077,0.6837,0.2448,0.3048,220.0,220.0,0.7000
0.7212,0.5849,0.6357,0.2456,0.3056,220.0,220.0,0.7000
0.7225,0.6068,0.6860,0.2464,0.3065,220.0,220.0,0.7000
0.7238,0.6215,0.6733,0.2473,0.3074,220.0,220.0,0.7000
0.7252,0.6342,0.6595,0.2481,0.3083,220.0,220.0,0.7000
0.7265,0.6157,0.6670,0.2490,0.3092,220.0,220.0,0.7000
0.7279,0.6027,0.6814,0.2497,0.3101,220.0,220.0,0.7000
0.7293,0.6293,0.6777,0.2506,0.3111,220.0,220.0,0.7000
0.7307,0.6137,0.6874,0.2515,0.3120,220.0,220.0,0.7000
0.7320,0.6144,0.6912,0.2523,0.3130,220.0,220.0,0.7000
0.7334,0.5943,0.6718,0.2531,0.3139,220.0,220.0,0.7000
0.7347,0.6162,0.6430,0.2539,0.3147,220.0,220.0,0.7000
0.7360,0.6221,0.6739,0.2548,0.3156,220.0,220.0,0.7000
0.7373,0.6128,0.6638,0.2556,0.3165,220.0,220.0,0.7000
0.7387,0.6442,0.6700,0.2564,0.3174,220.0,220.0,0.7000
0.7400,0.6045,0.6571,0.2572,0.3183,220.0,220.0,0.7000
0.7413,0.6295,0.6820,0.2581,0.3192,220.0,220.0,0.7000
0.7427,0.6013,0.7015,0.2589,0.3201,220.0,220.0,0.7000
0.7441,0.6031,0.6755,0.2598,0.3211,220.0,220.0,0.7000
0.7455,0.5932,0.6673,0.2606,0.3220,220.0,220.0,0.7000
0.7468,0.6060,0.6587,0.2614,0.3229,220.0,220.0,0.7000
0.7482,0.6239,0.6499,0.2622,0.3237,220.0,220.0,0.7000
0.7496,0.5934,0.6883,0.2631,0.3247,220.0,220.0,0.7000
0.7510,0.6150,0.6888,0.2639,0.3257,220.0,220.0,0.7000
0.7524,0.6138,0.6650,0.2648,0.3266,220.0,220.0,0.7000
0.7537,0.6009,0.6793,0.2656,0.3275,220.0,220.0,0.7000
0.7551,0.6282,0.6785,0.2664,0.3284,220.0,220.0,0.7000
0.7564,0.6047,0.6550,0.2672,0.3293,220.0,220.0,0.7000
0.7577,0.5827,0.6886,0.2680,0.3302,220.0,220.0,0.7000
0.7590,0.6023,0.6809,0.2688,0.3311,220.0,220.0,0.7000
0.7604,0.6313,0.6818,0.2697,0.3321,220.0,220.0,0.7000
0.7618,0.6131,0.6621,0.2705,0.3330,220.0,220.0,0.7000
0.7632,0.6354,0.6862,0.2714,0.3339,220.0,220.0,0.7000
0.7646,0.6197,0.6693,0.2723,0.3349,220.0,220.0,0.7000
0.7659,0.6145,0.6657,0.2731,0.3358,220.0,220.0,0.7000
0.7672,0.6065,0.6592,0.2739,0.3366,220.0,220.0,0.7000
0.7685,0.6153,0.6688,0.2747,0.3375,220.0,220.0,0.7000
0.7699,0.5958,0.6995,0.2755,0.3384,220.0,220.0,0.7000
0.7712,0.6049,0.6805,0.2763,0.3393,220.0,220.0,0.7000
0.7725,0.6022,0.6546,0.2771,0.3402,220.0,220.0,0.7000
0.7739,0.6322,0.6848,0.2779,0.3411,220.0,220.0,0.7000
0.7753,0.6024,0.6747,0.2788,0.3421,220.0,220.0,0.7000
0.7767,0.6328,0.6815,0.2797,0.3430,220.0,220.0,0.7000
0.7780,0.5980,0.6500,0.2805,0.3439,220.0,220.0,0.7000
0.7793,0.6153,0.6688,0.2813,0.3448,220.0,220.0,0.7000
0.7807,0.6214,0.6732,0.2821,0.3457,220.0,220.0,0.7000
0.7820,0.6028,0.7032,0.2829,0.3466,220.0,220.0,0.7000
0.7833,0.6279,0.6541,0.2837,0.3475,220.0,220.0,0.7000
0.7847,0.6079,0.6872,0.2845,0.3484,220.0,220.0,0.7000
0.7860,0.6008,0.7053,0.2853,0.3493,220.0,220.0,0.7000
0.7873,0.6078,0.6585,0.2862,0.3502,220.0,220.0,0.7000
0.7887,0.6199,0.6715,0.2870,0.3511,220.0,220.0,0.7000
0.7901,0.6459,0.6956,0.2879,0.3521,220.0,220.0,0.7000
0.7915,0.6089,0.6576,0.2887,0.3530,220.0,220.0,0.7000
0.7929,0.5953,0.6697,0.2896,0.3539,220.0,220.0,0.7000
0.7942,0.6043,0.6831,0.2904,0.3548,220.0,220.0,0.7000
0.7955,0.6156,0.6691,0.2912,0.3557,220.0,220.0,0.7000
0.7968,0.6463,0.6980,0.2920,0.3566,220.0,220.0,0.7000
0.7982,0.6029,0.6531,0.2929,0.3575,220.0,220.0,0.7000
0.7995,0.5734,0.6777,0.2936,0.3584,220.0,220.0,0.7000
0.8008,0.6080,0.6609,0.2944,0.3593,220.0,220.0,0.7000
0.8021,0.6286,0.6548,0.2952,0.3602,220.0,220.0,0.7000
0.8035,0.6296,0.6800,0.2961,0.3611,220.0,220.0,0.7000
0.8048,0.6040,0.6565,0.2969,0.3620,220.0,220.0,0.7000
0.8062,0.6293,0.7048,0.2978,0.3629,220.0,220.0,0.7000
0.8076,0.6068,0.6796,0.2986,0.3639,220.0,220.0,0.7000
0.8090,0.6028,0.6781,0.2994,0.3648,220.0,220.0,0.7000
0.8103,0.6034,0.6821,0.3002,0.3657,220.0,220.0,0.7000
0.8116,0.6109,0.6906,0.3010,0.3666,220.0,220.0,0.7000
0.8129,0.5927,0.6700,0.3018,0.3675,220.0,220.0,0.7000
0.8143,0.6005,0.6755,0.3027,0.3684,220.0,220.0,0.7000
0.8156,0.6034,0.6821,0.3035,0.3693,220.0,220.0,0.7000
0.8170,0.6240,0.6739,0.3043,0.3703,220.0,220.0,0.7000
0.8184,0.6365,0.6855,0.3052,0.3712,220.0,220.0,0.7000
0.8198,0.6436,0.6436,0.3061,0.3721,220.0,220.0,0.7000
0.8212,0.5997,0.6497,0.3069,0.3730,220.0,220.0,0.7000
0.8226,0.6028,0.6992,0.3078,0.3740,220.0,220.0,0.7000
0.8240,0.6121,0.6610,0.3087,0.3750,220.0,220.0,0.7000
0.8255,0.6111,0.6600,0.3095,0.3759,220.0,220.0,0.7000
0.8268,0.6223,0.7001,0.3104,0.3768,220.0,220.0,0.7000
0.8282,0.5908,0.6646,0.3112,0.3778,220.0,220.0,0.7000
0.8295,0.5820,0.7085,0.3120,0.3787,220.0,220.0,0.7000
0.8309,0.6195,0.6712,0.3128,0.3796,220.0,220.0,0.7000
0.8323,0.6255,0.6505,0.3137,0.3805,220.0,220.0,0.7000
0.8336,0.5940,0.6457,0.3145,0.3814,220.0,220.0,0.7000
0.8349,0.5828,0.6622,0.3152,0.3822,220.0,220.0,0.7000
0.8362,0.6206,0.7241,0.3160,0.3832,220.0,220.0,0.7000
0.8376,0.5842,0.6858,0.3168,0.3841,220.0,220.0,0.7000
0.8389,0.6180,0.6437,0.3177,0.3850,220.0,220.0,0.7000
0.8403,0.6298,0.6550,0.3185,0.3859,220.0,220.0,0.7000
0.8417,0.5829,0.6801,0.3194,0.3869,220.0,220.0,0.7000
0.8431,0.6111,0.6845,0.3202,0.3878,220.0,220.0,0.7000
0.8445,0.5946,0.6463,0.3210,0.3887,220.0,220.0,0.7000
0.8458,0.6355,0.6620,0.3218,0.3896,220.0,220.0,0.7000
0.8471,0.6287,0.6811,0.3227,0.3905,220.0,220.0,0.7000
0.8485,0.6288,0.6791,0.3235,0.3914,220.0,220.0,0.7000
0.8498,0.5999,0.6782,0.3243,0.3923,220.0,220.0,0.7000
0.8511,0.5840,0.6371,0.3251,0.3931,220.0,220.0,0.7000
0.8524,0.6324,0.6851,0.3259,0.3940,220.0,220.0,0.7000
0.8538,0.6323,0.6576,0.3268,0.3949,220.0,220.0,0.7000
0.8551,0.6154,0.6666,0.3276,0.3958,220.0,220.0,0.7000
0.8565,0.5888,0.6869,0.3284,0.3968,220.0,220.0,0.7000
0.8579,0.6190,0.6932,0.3293,0.3977,220.0,220.0,0.7000
0.8593,0.5906,0.6890,0.3301,0.3987,220.0,220.0,0.7000
0.8607,0.6137,0.6649,0.3310,0.3996,220.0,220.0,0.7000
0.8620,0.6068,0.6860,0.3318,0.4005,220.0,220.0,0.7000
0.8633,0.6071,0.6863,0.3325,0.4014,220.0,220.0,0.7000
0.8646,0.6087,0.6594,0.3334,0.4023,220.0,220.0,0.7000
0.8660,0.5873,0.6639,0.3342,0.4032,220.0,220.0,0.7000
0.8673,0.5871,0.6938,0.3349,0.4041,220.0,220.0,0.7000
0.8686,0.6370,0.6901,0.3358,0.4050,220.0,220.0,0.7000
0.8699,0.6018,0.6803,0.3366,0.4059,220.0,220.0,0.7000
0.8713,0.6072,0.6831,0.3374,0.4068,220.0,220.0,0.7000
0.8727,0.6046,0.6530,0.3382,0.4078,220.0,220.0,0.7000
0.8741,0.6099,0.6607,0.3391,0.4087,220.0,220.0,0.7000
0.8754,0.6238,0.6757,0.3399,0.4095,220.0,220.0,0.7000
0.8767,0.6163,0.6677,0.3407,0.4104,220.0,220.0,0.7000
0.8781,0.6070,0.6576,0.3416,0.4113,220.0,220.0,0.7000
0.8795,0.5938,0.6928,0.3424,0.4123,220.0,220.0,0.7000
0.8809,0.5951,0.6903,0.3432,0.4133,220.0,220.0,0.7000
0.8824,0.6447,0.6924,0.3442,0.4143,220.0,220.0,0.7000
0.8839,0.5861,0.6564,0.3450,0.4153,220.0,220.0,0.7000
0.8853,0.6114,0.6820,0.3459,0.4163,220.0,220.0,0.7000
0.8868,0.5874,0.6814,0.3468,0.4173,220.0,220.0,0.7000
0.8883,0.6146,0.6855,0.3477,0.4183,220.0,220.0,0.7000
0.8897,0.6033,0.6729,0.3486,0.4193,220.0,220.0,0.7000
0.8911,0.5996,0.6746,0.3494,0.4202,220.0,220.0,0.7000
0.8924,0.6148,0.7217,0.3502,0.4211,220.0,220.0,0.7000
0.8938,0.5788,0.6794,0.3510,0.4221,220.0,220.0,0.7000
0.8952,0.6034,0.6537,0.3518,0.4230,220.0,220.0,0.7000
0.8965,0.6106,0.6615,0.3527,0.4239,220.0,220.0,0.7000
0.8978,0.6130,0.6663,0.3535,0.4247,220.0,220.0,0.7000
0.8991,0.6192,0.6708,0.3543,0.4256,220.0,220.0,0.7000
0.9005,0.5896,0.6922,0.3551,0.4266,220.0,220.0,0.7000
0.9019,0.5834,0.6849,0.3559,0.4275,220.0,220.0,0.7000
0.9031,0.6172,0.6708,0.3567,0.4284,220.0,220.0,0.7000
0.9045,0.6224,0.6484,0.3575,0.4292,220.0,220.0,0.7000
0.9059,0.5989,0.6947,0.3584,0.4302,220.0,220.0,0.7000
0.9073,0.6201,0.6946,0.3592,0.4312,220.0,220.0,0.7000
0.9086,0.6085,0.6614,0.3600,0.4321,220.0,220.0,0.7000
0.9099,0.6271,0.6794,0.3608,0.4330,220.0,220.0,0.7000
0.9113,0.6083,0.6843,0.3617,0.4339,220.0,220.0,0.7000
0.9126,0.6153,0.6665,0.3625,0.4348,220.0,220.0,0.7000
0.9140,0.6016,0.6800,0.3633,0.4357,220.0,220.0,0.7000
0.9153,0.6284,0.7069,0.3641,0.4366,220.0,220.0,0.7000
0.9167,0.5803,0.7012,0.3650,0.4376,220.0,220.0,0.7000
0.9181,0.5830,0.6802,0.3658,0.4386,220.0,220.0,0.7000
0.9195,0.6158,0.6897,0.3666,0.4395,220.0,220.0,0.7000
0.9209,0.6196,0.6713,0.3675,0.4404,220.0,220.0,0.7000
0.9223,0.5969,0.6715,0.3683,0.4414,220.0,220.0,0.7000
0.9236,0.5996,0.6517,0.3691,0.4422,220.0,220.0,0.7000
0.9249,0.6089,0.6619,0.3699,0.4431,220.0,220.0,0.7000
0.9262,0.6400,0.6912,0.3708,0.4440,220.0,220.0,0.7000
0.9276,0.6323,0.6566,0.3717,0.4450,220.0,220.0,0.7000
0.9291,0.5902,0.6846,0.3725,0.4460,220.0,220.0,0.7000
0.9306,0.5999,0.6691,0.3734,0.4470,220.0,220.0,0.7000
0.9322,0.6309,0.6729,0.3744,0.4481,220.0,220.0,0.7000
0.9337,0.6237,0.6717,0.3753,0.4490,220.0,220.0,0.7000
0.9352,0.6343,0.6813,0.3763,0.4500,220.0,220.0,0.7000
0.9367,0.5990,0.6681,0.3772,0.4510,220.0,220.0,0.7000
0.9381,0.6249,0.6712,0.3781,0.4520,220.0,220.0,0.7000
0.9396,0.6374,0.6846,0.3790,0.4530,220.0,220.0,0.7000
0.9410,0.6277,0.7002,0.3799,0.4540,220.0,220.0,0.7000
0.9425,0.6217,0.6695,0.3808,0.4550,220.0,220.0,0.7000
0.9440,0.5851,0.6751,0.3817,0.4560,220.0,220.0,0.7000
0.9455,0.6284,0.6733,0.3827,0.4571,220.0,220.0,0.7000
0.9470,0.6027,0.6491,0.3836,0.4580,220.0,220.0,0.7000
0.9485,0.6012,0.6733,0.3845,0.4590,220.0,220.0,0.7000
0.9499,0.6005,0.6966,0.3853,0.4600,220.0,220.0,0.7000
0.9513,0.5837,0.6567,0.3861,0.4609,220.0,220.0,0.7000
0.9527,0.6214,0.6711,0.3870,0.4619,220.0,220.0,0.7000
0.9541,0.5963,0.6708,0.3878,0.4628,220.0,220.0,0.7000
0.9555,0.6379,0.6625,0.3887,0.4637,220.0,220.0,0.7000
0.9569,0.6286,0.6769,0.3896,0.4647,220.0,220.0,0.7000
0.9584,0.6021,0.6743,0.3905,0.4657,220.0,220.0,0.7000
0.9599,0.6067,0.6742,0.3914,0.4667,220.0,220.0,0.7000
0.9618,0.6440,0.7176,0.3926,0.4681,220.0,220.0,0.7000
0.9642,0.6046,0.6608,0.3941,0.4697,220.0,220.0,0.7000
0.9663,0.6241,0.6897,0.3954,0.4711,220.0,220.0,0.7000
0.9679,0.5996,0.6884,0.3964,0.4722,220.0,220.0,0.7000
0.9694,0.6245,0.6707,0.3973,0.4732,220.0,220.0,0.7000
0.9709,0.6263,0.6727,0.3982,0.4742,220.0,220.0,0.7000
0.9727,0.6269,0.6822,0.3994,0.4755,220.0,220.0,0.7000
0.9742,0.5812,0.6742,0.4003,0.4765,220.0,220.0,0.7000
0.9762,0.6085,0.6801,0.4014,0.4778,220.0,220.0,0.7000
0.9779,0.6179,0.6777,0.4025,0.4790,220.0,220.0,0.7000
0.9794,0.6149,0.6622,0.4034,0.4799,220.0,220.0,0.7000
0.9812,0.6027,0.6781,0.4045,0.4812,220.0,220.0,0.7000
0.9830,0.6246,0.6636,0.4056,0.4823,220.0,220.0,0.7000
0.9847,0.6292,0.6901,0.4067,0.4835,220.0,220.0,0.7000
0.9867,0.6039,0.6729,0.4079,0.4849,220.0,220.0,0.7000
0.9881,0.6087,0.7060,0.4088,0.4859,220.0,220.0,0.7000
0.9895,0.5968,0.6714,0.4096,0.4868,220.0,220.0,0.7000
0.9908,0.5988,0.6986,0.4104,0.4878,220.0,220.0,0.7000
0.9922,0.6340,0.6848,0.4113,0.4887,220.0,220.0,0.7000
0.9937,0.6272,0.6944,0.4122,0.4898,220.0,220.0,0.7000
0.9952,0.5979,0.6669,0.4131,0.4908,220.0,220.0,0.7000
0.9967,0.5981,0.6699,0.4140,0.4917,220.0,220.0,0.7000
0.9981,0.6242,0.6991,0.4149,0.4927,220.0,220.0,0.7000
0.9996,0.6348,0.6786,0.4159,0.4938,220.0,220.0,0.7000
1.0013,0.6043,0.6668,0.4169,0.4949,220.0,220.0,0.7000
1.0027,0.5875,0.6642,0.4177,0.4958,220.0,220.0,0.7000
1.0040,0.6076,0.6868,0.4185,0.4967,220.0,220.0,0.7000
1.0055,0.6352,0.6790,0.4195,0.4977,220.0,220.0,0.7000
1.0071,0.5926,0.6838,0.4204,0.4988,220.0,220.0,0.7000
1.0084,0.6202,0.6719,0.4212,0.4997,220.0,220.0,0.7000
1.0097,0.6037,0.6562,0.4220,0.5005,220.0,220.0,0.7000
1.0113,0.5978,0.6832,0.4229,0.5016,220.0,220.0,0.7000
1.0127,0.6174,0.6915,0.4238,0.5026,220.0,220.0,0.7000
1.0141,0.6196,0.6971,0.4246,0.5035,220.0,220.0,0.7000
1.0154,0.6350,0.6880,0.4255,0.5044,220.0,220.0,0.7000
1.0170,0.6013,0.6872,0.4264,0.5055,220.0,220.0,0.7000
1.0184,0.5936,0.7123,0.4273,0.5066,220.0,220.0,0.7000
1.0198,0.6194,0.6969,0.4281,0.5075,220.0,220.0,0.7000
1.0217,0.6658,0.6483,0.4294,0.5088,220.0,220.0,0.7000
1.0235,0.5750,0.6940,0.4304,0.5100,220.0,220.0,0.7000
1.0249,0.6103,0.6807,0.4313,0.5110,220.0,220.0,0.7000
1.0265,0.6094,0.6746,0.4323,0.5121,220.0,220.0,0.7000
1.0279,0.6148,0.6661,0.4331,0.5130,220.0,220.0,0.7000
1.0292,0.6344,0.6598,0.4340,0.5139,220.0,220.0,0.7000
1.0308,0.5856,0.6983,0.4349,0.5149,220.0,220.0,0.7000
1.0321,0.6117,0.6627,0.4357,0.5158,220.0,220.0,0.7000
1.0334,0.6045,0.6833,0.4365,0.5167,220.0,220.0,0.7000
1.0348,0.6486,0.7005,0.4374,0.5176,220.0,220.0,0.7000
1.0363,0.5905,0.6586,0.4383,0.5187,220.0,220.0,0.7000
1.0376,0.6180,0.6695,0.4391,0.5195,220.0,220.0,0.7000
1.0389,0.6052,0.6578,0.4399,0.5204,220.0,220.0,0.7000
1.0403,0.5928,0.6959,0.4407,0.5213,220.0,220.0,0.7000
1.0418,0.6216,0.6676,0.4416,0.5223,220.0,220.0,0.7000
1.0431,0.6209,0.6726,0.4424,0.5232,220.0,220.0,0.7000
1.0444,0.5968,0.7006,0.4432,0.5242,220.0,220.0,0.7000
1.0458,0.6182,0.6697,0.4441,0.5251,220.0,220.0,0.7000
1.0472,0.6120,0.6591,0.4450,0.5260,220.0,220.0,0.7000
1.0486,0.6216,0.6734,0.4458,0.5269,220.0,220.0,0.7000
1.0499,0.6339,0.6867,0.4466,0.5278,220.0,220.0,0.7000
1.0512,0.6417,0.6930,0.4475,0.5288,220.0,220.0,0.7000
1.0528,0.5850,0.6284,0.4484,0.5298,220.0,220.0,0.7000
1.0542,0.5938,0.6713,0.4492,0.5307,220.0,220.0,0.7000
1.0555,0.6338,0.6602,0.4500,0.5315,220.0,220.0,0.7000
1.0568,0.6196,0.6971,0.4509,0.5325,220.0,220.0,0.7000
1.0583,0.6099,0.6550,0.4518,0.5335,220.0,220.0,0.7000
1.0597,0.5917,0.6432,0.4526,0.5343,220.0,220.0,0.7000
1.0610,0.6063,0.6853,0.4534,0.5352,220.0,220.0,0.7000
1.0625,0.6258,0.6929,0.4543,0.5363,220.0,220.0,0.7000
1.0641,0.6045,0.6909,0.4553,0.5374,220.0,220.0,0.7000
1.0655,0.6094,0.6581,0.4562,0.5383,220.0,220.0,0.7000
1.0669,0.6036,0.6824,0.4570,0.5392,220.0,220.0,0.7000
1.0685,0.6018,0.6878,0.4579,0.5403,220.0,220.0,0.7000
1.0699,0.6057,0.6784,0.4588,0.5413,220.0,220.0,0.7000
1.0713,0.6200,0.6696,0.4597,0.5422,220.0,220.0,0.7000
1.0727,0.6488,0.6738,0.4606,0.5432,220.0,220.0,0.7000
1.0741,0.6008,0.6729,0.4614,0.5441,220.0,220.0,0.7000
1.0755,0.5815,0.6784,0.4623,0.5451,220.0,220.0,0.7000
1.0769,0.6285,0.6788,0.4631,0.5460,220.0,220.0,0.7000
1.0782,0.6316,0.6842,0.4639,0.5469,220.0,220.0,0.7000
1.0795,0.6436,0.6694,0.4648,0.5478,220.0,220.0,0.7000
1.0812,0.5956,0.6806,0.4658,0.5489,220.0,220.0,0.7000
1.0826,0.6031,0.6513,0.4666,0.5499,220.0,220.0,0.7000
1.0840,0.6328,0.6834,0.4675,0.5508,220.0,220.0,0.7000
1.0853,0.6449,0.6449,0.4684,0.5516,220.0,220.0,0.7000
1.0867,0.6293,0.6796,0.4692,0.5526,220.0,220.0,0.7000
1.0880,0.5855,0.6618,0.4700,0.5535,220.0,220.0,0.7000
1.0894,0.5958,0.6995,0.4708,0.5544,220.0,220.0,0.7000
1.0907,0.5947,0.6981,0.4716,0.5553,220.0,220.0,0.7000
1.0921,0.6290,0.6793,0.4725,0.5563,220.0,220.0,0.7000
1.0934,0.6070,0.6829,0.4733,0.5572,220.0,220.0,0.7000
1.0948,0.6091,0.6578,0.4742,0.5581,220.0,220.0,0.7000
1.0962,0.6192,0.6935,0.4750,0.5591,220.0,220.0,0.7000
1.0976,0.5996,0.6746,0.4759,0.5600,220.0,220.0,0.7000
1.0990,0.6196,0.6692,0.4767,0.5610,220.0,220.0,0.7000
1.1003,0.6206,0.6724,0.4775,0.5619,220.0,220.0,0.7000
1.1017,0.6176,0.6690,0.4784,0.5628,220.0,220.0,0.7000
1.1031,0.6274,0.6776,0.4792,0.5637,220.0,220.0,0.7000
1.1044,0.5996,0.6746,0.4801,0.5646,220.0,220.0,0.7000
1.1057,0.6083,0.6876,0.4809,0.5655,220.0,220.0,0.7000
1.1071,0.6204,0.6721,0.4817,0.5664,220.0,220.0,0.7000
1.1084,0.6076,0.6583,0.4825,0.5673,220.0,220.0,0.7000
1.1098,0.6384,0.6639,0.4834,0.5682,220.0,220.0,0.7000
1.1111,0.6079,0.6608,0.4842,0.5691,220.0,220.0,0.7000
1.1124,0.6194,0.6710,0.4850,0.5700,220.0,220.0,0.7000
1.1138,0.6166,0.6660,0.4859,0.5709,220.0,220.0,0.7000
1.1153,0.6222,0.6701,0.4868,0.5719,220.0,220.0,0.7000
1.1167,0.6064,0.6823,0.4876,0.5728,220.0,220.0,0.7000
1.1180,0.5961,0.6738,0.4884,0.5737,220.0,220.0,0.7000
1.1194,0.6041,0.6796,0.4892,0.5746,220.0,220.0,0.7000
1.1207,0.6099,0.6607,0.4900,0.5755,220.0,220.0,0.7000
1.1220,0.6345,0.6609,0.4909,0.5764,220.0,220.0,0.7000
1.1233,0.6218,0.6995,0.4917,0.5773,220.0,220.0,0.7000
1.1247,0.5892,0.6917,0.4925,0.5783,220.0,220.0,0.7000
1.1260,0.6159,0.6672,0.4933,0.5792,220.0,220.0,0.7000
1.1273,0.6085,0.6614,0.4941,0.5800,220.0,220.0,0.7000
1.1287,0.6250,0.6771,0.4949,0.5809,220.0,220.0,0.7000
1.1300,0.6149,0.6918,0.4958,0.5818,220.0,220.0,0.7000
1.1314,0.6118,0.6883,0.4966,0.5828,220.0,220.0,0.7000
1.1327,0.5870,0.6403,0.4974,0.5836,220.0,220.0,0.7000
1.1341,0.6382,0.6873,0.4983,0.5846,220.0,220.0,0.7000
1.1355,0.6054,0.6781,0.4991,0.5855,220.0,220.0,0.7000
1.1369,0.6224,0.6473,0.5000,0.5864,220.0,220.0,0.7000
1.1382,0.6031,0.6817,0.5008,0.5873,220.0,220.0,0.7000
1.1395,0.6024,0.6548,0.5016,0.5882,220.0,220.0,0.7000
1.1409,0.6336,0.6843,0.5024,0.5891,220.0,220.0,0.7000
1.1422,0.6179,0.6694,0.5033,0.5900,220.0,220.0,0.7000
1.1435,0.6062,0.6589,0.5041,0.5909,220.0,220.0,0.7000
1.1448,0.6036,0.7086,0.5048,0.5918,220.0,220.0,0.7000
1.1462,0.6088,0.6595,0.5057,0.5927,220.0,220.0,0.7000
1.1476,0.5888,0.6656,0.5065,0.5936,220.0,220.0,0.7000
1.1489,0.5824,0.7148,0.5072,0.5945,220.0,220.0,0.7000
1.1502,0.6191,0.6707,0.5081,0.5954,220.0,220.0,0.7000
1.1516,0.6089,0.6596,0.5089,0.5963,220.0,220.0,0.7000
1.1529,0.5945,0.6720,0.5097,0.5972,220.0,220.0,0.7000
1.1542,0.5796,0.6586,0.5104,0.5981,220.0,220.0,0.7000
1.1556,0.6104,0.6867,0.5113,0.5990,220.0,220.0,0.7000
1.1570,0.6098,0.6802,0.5122,0.6000,220.0,220.0,0.7000
1.1584,0.6329,0.6572,0.5131,0.6010,220.0,220.0,0.7000
1.1598,0.5826,0.6839,0.5139,0.6019,220.0,220.0,0.7000
1.1611,0.6000,0.6783,0.5146,0.6028,220.0,220.0,0.7000
1.1625,0.5982,0.6979,0.5155,0.6038,220.0,220.0,0.7000
1.1639,0.6128,0.6638,0.5163,0.6047,220.0,220.0,0.7000
1.1652,0.6345,0.6609,0.5171,0.6055,220.0,220.0,0.7000
1.1665,0.6223,0.6742,0.5180,0.6064,220.0,220.0,0.7000
1.1679,0.6039,0.7046,0.5188,0.6074,220.0,220.0,0.7000
1.1693,0.6164,0.6875,0.5197,0.6084,220.0,220.0,0.7000
1.1707,0.5973,0.6470,0.5205,0.6093,220.0,220.0,0.7000
1.1721,0.6238,0.6737,0.5214,0.6102,220.0,220.0,0.7000
1.1735,0.6048,0.6804,0.5222,0.6111,220.0,220.0,0.7000
1.1748,0.6138,0.6906,0.5230,0.6121,220.0,220.0,0.7000
1.1762,0.6184,0.6927,0.5239,0.6130,220.0,220.0,0.7000
1.1776,0.5792,0.6757,0.5247,0.6140,220.0,220.0,0.7000
1.1790,0.6050,0.6806,0.5256,0.6149,220.0,220.0,0.7000
1.1803,0.6019,0.6542,0.5263,0.6158,220.0,220.0,0.7000
1.1816,0.6161,0.6697,0.5271,0.6167,220.0,220.0,0.7000
1.1830,0.5946,0.6980,0.5279,0.6176,220.0,220.0,0.7000
1.1845,0.6056,0.6729,0.5289,0.6186,220.0,220.0,0.7000
1.1859,0.6200,0.6696,0.5297,0.6196,220.0,220.0,0.7000
1.1872,0.5865,0.6630,0.5305,0.6205,220.0,220.0,0.7000
1.1886,0.6230,0.6749,0.5314,0.6214,220.0,220.0,0.7000
1.1899,0.6031,0.6785,0.5322,0.6223,220.0,220.0,0.7000
1.1913,0.6194,0.6710,0.5330,0.6232,220.0,220.0,0.7000
1.1927,0.6085,0.6571,0.5339,0.6241,220.0,220.0,0.7000
1.1941,0.6215,0.6712,0.5347,0.6251,220.0,220.0,0.7000
1.1955,0.6229,0.6977,0.5356,0.6260,220.0,220.0,0.7000
1.1968,0.5988,0.6770,0.5364,0.6269,220.0,220.0,0.7000
1.1981,0.6300,0.6562,0.5372,0.6278,220.0,220.0,0.7000
1.1994,0.6030,0.6816,0.5380,0.6287,220.0,220.0,0.7000
1.2008,0.6283,0.7037,0.5389,0.6296,220.0,220.0,0.7000
1.2022,0.6314,0.6800,0.5398,0.6306,220.0,220.0,0.7000
1.2036,0.5649,0.6676,0.5405,0.6315,220.0,220.0,0.7000
1.2049,0.6174,0.6689,0.5414,0.6324,220.0,220.0,0.7000
1.2063,0.6106,0.6869,0.5422,0.6333,220.0,220.0,0.7000
1.2076,0.6084,0.6844,0.5430,0.6343,220.0,220.0,0.7000
1.2090,0.6171,0.6664,0.5439,0.6352,220.0,220.0,0.7000
1.2104,0.5958,0.6703,0.5447,0.6361,220.0,220.0,0.7000
1.2118,0.6083,0.6589,0.5455,0.6370,220.0,220.0,0.7000
1.2131,0.5888,0.6656,0.5463,0.6379,220.0,220.0,0.7000
1.2144,0.6091,0.6621,0.5471,0.6388,220.0,220.0,0.7000
1.2158,0.6464,0.6722,0.5480,0.6397,220.0,220.0,0.7000
1.2171,0.6021,0.7025,0.5488,0.6407,220.0,220.0,0.7000
1.2185,0.5907,0.6645,0.5496,0.6416,220.0,220.0,0.7000
1.2199,0.6311,0.6563,0.5505,0.6425,220.0,220.0,0.7000
1.2213,0.6039,0.6794,0.5513,0.6434,220.0,220.0,0.7000
1.2227,0.6269,0.6771,0.5522,0.6444,220.0,220.0,0.7000
1.2240,0.6193,0.6967,0.5530,0.6453,220.0,220.0,0.7000
1.2254,0.6320,0.6573,0.5539,0.6462,220.0,220.0,0.7000
1.2268,0.6140,0.6849,0.5548,0.6472,220.0,220.0,0.7000
1.2282,0.5824,0.7037,0.5556,0.6482,220.0,220.0,0.7000
1.2296,0.6246,0.6496,0.5565,0.6491,220.0,220.0,0.7000
1.2309,0.6341,0.6605,0.5573,0.6499,220.0,220.0,0.7000
1.2323,0.5928,0.6959,0.5581,0.6509,220.0,220.0,0.7000
1.2337,0.6215,0.6712,0.5590,0.6518,220.0,220.0,0.7000
1.2351,0.6082,0.6811,0.5598,0.6528,220.0,220.0,0.7000
1.2364,0.6074,0.6833,0.5607,0.6537,220.0,220.0,0.7000
1.2378,0.6242,0.6762,0.5615,0.6546,220.0,220.0,0.7000
1.2392,0.6264,0.6765,0.5623,0.6555,220.0,220.0,0.7000
1.2405,0.5873,0.6895,0.5631,0.6565,220.0,220.0,0.7000
1.2419,0.5837,0.6810,0.5640,0.6574,220.0,220.0,0.7000
1.2433,0.6207,0.6951,0.5648,0.6584,220.0,220.0,0.7000
1.2447,0.6424,0.6671,0.5657,0.6593,220.0,220.0,0.7000
1.2460,0.6112,0.6909,0.5665,0.6602,220.0,220.0,0.7000
1.2473,0.6098,0.6628,0.5673,0.6611,220.0,220.0,0.7000
1.2486,0.6004,0.6526,0.5681,0.6620,220.0,220.0,0.7000
1.2500,0.6276,0.7029,0.5690,0.6629,220.0,220.0,0.7000
1.2514,0.6262,0.6984,0.5699,0.6639,220.0,220.0,0.7000
1.2529,0.6359,0.6848,0.5708,0.6649,220.0,220.0,0.7000
1.2542,0.5965,0.6710,0.5716,0.6658,220.0,220.0,0.7000
1.2556,0.5988,0.6737,0.5724,0.6668,220.0,220.0,0.7000
1.2570,0.6089,0.6596,0.5733,0.6676,220.0,220.0,0.7000
1.2583,0.6327,0.6591,0.5741,0.6685,220.0,220.0,0.7000
1.2596,0.6286,0.6548,0.5749,0.6694,220.0,220.0,0.7000
1.2610,0.6276,0.6527,0.5758,0.6703,220.0,220.0,0.7000
1.2624,0.5858,0.6834,0.5766,0.6712,220.0,220.0,0.7000
1.2638,0.5850,0.6867,0.5774,0.6722,220.0,220.0,0.7000
1.2651,0.6216,0.6993,0.5782,0.6731,220.0,220.0,0.7000
1.2665,0.6497,0.6497,0.5791,0.6740,220.0,220.0,0.7000
1.2678,0.6200,0.6716,0.5799,0.6749,220.0,220.0,0.7000
1.2692,0.5768,0.6488,0.5808,0.6758,220.0,220.0,0.7000
1.2707,0.6127,0.6862,0.5816,0.6768,220.0,220.0,0.7000
1.2721,0.6130,0.6866,0.5825,0.6778,220.0,220.0,0.7000
1.2734,0.6253,0.6774,0.5833,0.6787,220.0,220.0,0.7000
1.2747,0.6463,0.6980,0.5842,0.6796,220.0,220.0,0.7000
1.2762,0.6023,0.6986,0.5851,0.6806,220.0,220.0,0.7000
1.2776,0.6084,0.7057,0.5859,0.6816,220.0,220.0,0.7000
1.2789,0.6120,0.6375,0.5867,0.6825,220.0,220.0,0.7000
1.2803,0.6229,0.6488,0.5876,0.6833,220.0,220.0,0.7000
1.2816,0.6477,0.6736,0.5884,0.6842,220.0,220.0,0.7000
1.2829,0.6095,0.6857,0.5893,0.6851,220.0,220.0,0.7000
1.2844,0.6195,0.6909,0.5902,0.6861,220.0,220.0,0.7000
1.2858,0.6101,0.6609,0.5910,0.6870,220.0,220.0,0.7000
1.2871,0.6226,0.6724,0.5919,0.6880,220.0,220.0,0.7000
1.2885,0.6240,0.6739,0.5927,0.6889,220.0,220.0,0.7000
1.2899,0.5943,0.6718,0.5935,0.6898,220.0,220.0,0.7000
1.2912,0.6307,0.6832,0.5943,0.6907,220.0,220.0,0.7000
1.2926,0.6029,0.6511,0.5952,0.6916,220.0,220.0,0.7000
1.2940,0.6102,0.6590,0.5961,0.6926,220.0,220.0,0.7000
1.2953,0.6293,0.6817,0.5969,0.6935,220.0,220.0,0.7000
1.2967,0.5981,0.6501,0.5977,0.6943,220.0,220.0,0.7000
1.2980,0.6012,0.6535,0.5985,0.6952,220.0,220.0,0.7000
1.2994,0.6236,0.6984,0.5993,0.6962,220.0,220.0,0.7000
1.3008,0.6319,0.7049,0.6002,0.6972,220.0,220.0,0.7000
1.3022,0.6096,0.6584,0.6011,0.6981,220.0,220.0,0.7000
1.3036,0.6219,0.6717,0.6020,0.6990,220.0,220.0,0.7000
1.3050,0.6064,0.6570,0.6028,0.6999,220.0,220.0,0.7000
1.3062,0.6142,0.6943,0.6036,0.7008,220.0,220.0,0.7000
1.3076,0.6059,0.6850,0.6044,0.7017,220.0,220.0,0.7000
1.3090,0.6606,0.6842,0.6054,0.7027,220.0,220.0,0.7000
1.3105,0.6125,0.6596,0.6062,0.7037,220.0,220.0,0.7000
1.3119,0.6189,0.6436,0.6071,0.7046,220.0,220.0,0.7000
1.3133,0.6022,0.6775,0.6079,0.7055,220.0,220.0,0.7000
1.3146,0.6268,0.7051,0.6088,0.7064,220.0,220.0,0.7000
1.3159,0.6346,0.6600,0.6096,0.7073,220.0,220.0,0.7000
1.3173,0.6111,0.6600,0.6105,0.7083,220.0,220.0,0.7000
1.3188,0.5824,0.6552,0.6113,0.7092,220.0,220.0,0.7000
1.3201,0.6191,0.6707,0.6122,0.7101,220.0,220.0,0.7000
1.3215,0.6279,0.6530,0.6130,0.7110,220.0,220.0,0.7000
1.3229,0.6524,0.6524,0.6139,0.7119,220.0,220.0,0.7000
1.3242,0.6071,0.6599,0.6147,0.7128,220.0,220.0,0.7000
1.3256,0.5860,0.6837,0.6155,0.7137,220.0,220.0,0.7000
1.3270,0.6204,0.6681,0.6164,0.7147,220.0,220.0,0.7000
1.3284,0.5957,0.6702,0.6173,0.7156,220.0,220.0,0.7000
1.3297,0.6323,0.6586,0.6181,0.7165,220.0,220.0,0.7000
1.3311,0.6463,0.7238,0.6189,0.7175,220.0,220.0,0.7000
1.3324,0.5951,0.6695,0.6198,0.7184,220.0,220.0,0.7000
1.3338,0.6125,0.6891,0.6206,0.7193,220.0,220.0,0.7000
1.3352,0.6146,0.6637,0.6215,0.7202,220.0,220.0,0.7000
1.3366,0.6364,0.6364,0.6224,0.7211,220.0,220.0,0.7000
1.3380,0.6153,0.6665,0.6232,0.7220,220.0,220.0,0.7000
1.3393,0.6341,0.6870,0.6240,0.7229,220.0,220.0,0.7000
1.3406,0.6126,0.6659,0.6248,0.7238,220.0,220.0,0.7000
1.3420,0.5973,0.6690,0.6257,0.7248,220.0,220.0,0.7000
1.3434,0.6286,0.6769,0.6266,0.7257,220.0,220.0,0.7000
1.3448,0.6122,0.6377,0.6274,0.7266,220.0,220.0,0.7000
1.3461,0.6095,0.6625,0.6282,0.7275,220.0,220.0,0.7000
1.3474,0.6200,0.6716,0.6290,0.7284,220.0,220.0,0.7000
1.3488,0.6353,0.6861,0.6299,0.7293,220.0,220.0,0.7000
1.3502,0.6221,0.6469,0.6308,0.7302,220.0,220.0,0.7000
1.3516,0.6132,0.6623,0.6316,0.7311,220.0,220.0,0.7000
1.3530,0.5974,0.6721,0.6324,0.7321,220.0,220.0,0.7000
1.3543,0.6329,0.6583,0.6333,0.7330,220.0,220.0,0.7000
1.3557,0.5978,0.6757,0.6341,0.7338,220.0,220.0,0.7000
1.3570,0.6075,0.6867,0.6349,0.7347,220.0,220.0,0.7000
1.3585,0.6287,0.6961,0.6359,0.7358,220.0,220.0,0.7000
1.3602,0.6409,0.6823,0.6369,0.7370,220.0,220.0,0.7000
1.3616,0.5952,0.6429,0.6378,0.7379,220.0,220.0,0.7000
1.3629,0.6064,0.6591,0.6386,0.7387,220.0,220.0,0.7000
1.3643,0.6134,0.6645,0.6394,0.7396,220.0,220.0,0.7000
1.3657,0.6503,0.6753,0.6403,0.7406,220.0,220.0,0.7000
1.3670,0.6288,0.7042,0.6412,0.7415,220.0,220.0,0.7000
1.3686,0.6248,0.6694,0.6421,0.7426,220.0,220.0,0.7000
1.3700,0.5835,0.6808,0.6430,0.7435,220.0,220.0,0.7000
1.3714,0.6256,0.6506,0.6438,0.7444,220.0,220.0,0.7000
1.3727,0.6385,0.6896,0.6447,0.7454,220.0,220.0,0.7000
1.3740,0.6133,0.6666,0.6455,0.7462,220.0,220.0,0.7000
1.3754,0.6208,0.6704,0.6464,0.7472,220.0,220.0,0.7000
1.3769,0.6148,0.6621,0.6473,0.7481,220.0,220.0,0.7000
1.3783,0.5965,0.6959,0.6481,0.7491,220.0,220.0,0.7000
1.3796,0.6280,0.6804,0.6489,0.7500,220.0,220.0,0.7000
1.3809,0.6037,0.6825,0.6497,0.7509,220.0,220.0,0.7000
1.3823,0.6223,0.6721,0.6506,0.7518,220.0,220.0,0.7000
1.3836,0.6029,0.6815,0.6514,0.7527,220.0,220.0,0.7000
1.3850,0.6254,0.7004,0.6522,0.7537,220.0,220.0,0.7000
1.3865,0.6227,0.6919,0.6532,0.7547,220.0,220.0,0.7000
1.3879,0.6045,0.6770,0.6540,0.7557,220.0,220.0,0.7000
1.3893,0.6393,0.6905,0.6549,0.7566,220.0,220.0,0.7000
1.3906,0.6300,0.6562,0.6557,0.7575,220.0,220.0,0.7000
1.3919,0.5812,0.6604,0.6565,0.7584,220.0,220.0,0.7000
1.3933,0.6276,0.7029,0.6573,0.7593,220.0,220.0,0.7000
1.3946,0.6312,0.6817,0.6582,0.7603,220.0,220.0,0.7000
1.3960,0.6366,0.6621,0.6591,0.7611,220.0,220.0,0.7000
1.3974,0.6095,0.6582,0.6599,0.7621,220.0,220.0,0.7000
1.3988,0.6148,0.7131,0.6608,0.7631,220.0,220.0,0.7000
1.4002,0.6129,0.7110,0.6616,0.7641,220.0,220.0,0.7000
1.4015,0.6431,0.6431,0.6625,0.7649,220.0,220.0,0.7000
1.4029,0.6458,0.6458,0.6634,0.7658,220.0,220.0,0.7000
1.4043,0.6092,0.6823,0.6643,0.7668,220.0,220.0,0.7000
1.4057,0.6015,0.7018,0.6651,0.7678,220.0,220.0,0.7000
1.4071,0.5937,0.6712,0.6659,0.7687,220.0,220.0,0.7000
1.4084,0.6094,0.7153,0.6667,0.7696,220.0,220.0,0.7000
1.4097,0.6187,0.6702,0.6675,0.7705,220.0,220.0,0.7000
1.4111,0.6136,0.6903,0.6683,0.7714,220.0,220.0,0.7000
1.4125,0.5821,0.6791,0.6692,0.7724,220.0,220.0,0.7000
1.4138,0.6071,0.6830,0.6700,0.7733,220.0,220.0,0.7000
1.4152,0.6375,0.6885,0.6709,0.7743,220.0,220.0,0.7000
1.4166,0.6028,0.6781,0.6717,0.7752,220.0,220.0,0.7000
1.4179,0.6138,0.6906,0.6725,0.7761,220.0,220.0,0.7000
1.4193,0.6253,0.7003,0.6734,0.7771,220.0,220.0,0.7000
1.4207,0.5972,0.6718,0.6742,0.7780,220.0,220.0,0.7000
1.4221,0.6148,0.6394,0.6751,0.7789,220.0,220.0,0.7000
1.4234,0.6182,0.6697,0.6759,0.7798,220.0,220.0,0.7000
1.4247,0.6050,0.6840,0.6767,0.7807,220.0,220.0,0.7000
1.4261,0.6278,0.7063,0.6775,0.7817,220.0,220.0,0.7000
1.4275,0.6157,0.6631,0.6784,0.7826,220.0,220.0,0.7000
1.4289,0.5952,0.6696,0.6792,0.7835,220.0,220.0,0.7000
1.4302,0.6258,0.7040,0.6801,0.7845,220.0,220.0,0.7000
1.4316,0.6268,0.7020,0.6809,0.7854,220.0,220.0,0.7000
1.4330,0.6282,0.6533,0.6818,0.7863,220.0,220.0,0.7000
1.4344,0.5933,0.6675,0.6826,0.7873,220.0,220.0,0.7000
1.4357,0.5800,0.7060,0.6834,0.7882,220.0,220.0,0.7000
1.4371,0.6182,0.6677,0.6843,0.7892,220.0,220.0,0.7000
1.4385,0.5957,0.6950,0.6851,0.7901,220.0,220.0,0.7000
1.4398,0.6066,0.6857,0.6859,0.7910,220.0,220.0,0.7000
1.4412,0.6310,0.6836,0.6867,0.7919,220.0,220.0,0.7000
1.4426,0.5930,0.6671,0.6876,0.7929,220.0,220.0,0.7000
1.4440,0.6089,0.6819,0.6884,0.7938,220.0,220.0,0.7000
1.4453,0.6264,0.6765,0.6893,0.7948,220.0,220.0,0.7000
1.4467,0.5952,0.6728,0.6901,0.7957,220.0,220.0,0.7000
1.4480,0.6097,0.6892,0.6909,0.7966,220.0,220.0,0.7000
1.4493,0.6180,0.6952,0.6917,0.7975,220.0,220.0,0.7000
1.4507,0.5906,0.6890,0.6925,0.7985,220.0,220.0,0.7000
1.4522,0.6245,0.7206,0.6934,0.7995,220.0,220.0,0.7000
1.4536,0.6351,0.6351,0.6943,0.8004,220.0,220.0,0.7000
1.4549,0.6182,0.6697,0.6952,0.8013,220.0,220.0,0.7000
1.4563,0.6052,0.6808,0.6960,0.8022,220.0,220.0,0.7000
1.4576,0.5861,0.6880,0.6968,0.8032,220.0,220.0,0.7000
1.4589,0.6355,0.6620,0.6976,0.8040,220.0,220.0,0.7000
1.4603,0.6134,0.6901,0.6984,0.8049,220.0,220.0,0.7000
1.4617,0.6307,0.6812,0.6993,0.8059,220.0,220.0,0.7000
1.4630,0.5837,0.6852,0.7001,0.8068,220.0,220.0,0.7000
1.4643,0.6104,0.6900,0.7009,0.8077,220.0,220.0,0.7000
1.4657,0.6097,0.6860,0.7017,0.8086,220.0,220.0,0.7000
1.4671,0.6413,0.6888,0.7026,0.8096,220.0,220.0,0.7000
1.4686,0.6064,0.6549,0.7035,0.8106,220.0,220.0,0.7000
1.4699,0.5916,0.6431,0.7043,0.8114,220.0,220.0,0.7000
1.4712,0.6178,0.6435,0.7051,0.8123,220.0,220.0,0.7000
1.4726,0.6078,0.6585,0.7060,0.8132,220.0,220.0,0.7000
1.4740,0.6338,0.7099,0.7068,0.8142,220.0,220.0,0.7000
1.4754,0.5867,0.6600,0.7077,0.8151,220.0,220.0,0.7000
1.4768,0.6168,0.6661,0.7085,0.8160,220.0,220.0,0.7000
1.4781,0.5885,0.6908,0.7093,0.8170,220.0,220.0,0.7000
1.4795,0.6066,0.6571,0.7101,0.8179,220.0,220.0,0.7000
1.4808,0.6394,0.6660,0.7110,0.8187,220.0,220.0,0.7000
1.4821,0.6187,0.6960,0.7118,0.8197,220.0,220.0,0.7000
1.4835,0.6042,0.6798,0.7126,0.8206,220.0,220.0,0.7000
1.4849,0.6089,0.6819,0.7135,0.8216,220.0,220.0,0.7000
1.4863,0.5933,0.6675,0.7143,0.8225,220.0,220.0,0.7000
1.4876,0.6213,0.6990,0.7151,0.8234,220.0,220.0,0.7000
1.4890,0.6121,0.7141,0.7160,0.8244,220.0,220.0,0.7000
1.4903,0.6179,0.6694,0.7168,0.8253,220.0,220.0,0.7000
1.4917,0.6199,0.6973,0.7176,0.8262,220.0,220.0,0.7000
1.4931,0.6066,0.6794,0.7185,0.8272,220.0,220.0,0.7000
1.4945,0.5947,0.6691,0.7193,0.8281,220.0,220.0,0.7000
1.4959,0.6308,0.6561,0.7202,0.8290,220.0,220.0,0.7000
1.4972,0.6048,0.6574,0.7210,0.8299,220.0,220.0,0.7000
1.4985,0.6294,0.6546,0.7218,0.8308,220.0,220.0,0.7000
1.4999,0.5810,0.6820,0.7226,0.8317,220.0,220.0,0.7000
1.5013,0.5906,0.6644,0.7235,0.8326,220.0,220.0,0.7000
1.5027,0.6269,0.6771,0.7243,0.8336,220.0,220.0,0.7000
1.5040,0.6192,0.6708,0.7252,0.8345,220.0,220.0,0.7000
1.5054,0.6133,0.6378,0.7260,0.8354,220.0,220.0,0.7000
1.5068,0.6120,0.6630,0.7268,0.8363,220.0,220.0,0.7000
1.5082,0.6091,0.6822,0.7277,0.8372,220.0,220.0,0.7000
1.5096,0.6173,0.6914,0.7286,0.8382,220.0,220.0,0.7000
1.5110,0.6588,0.6842,0.7295,0.8391,220.0,220.0,0.7000
1.5123,0.5860,0.6879,0.7303,0.8401,220.0,220.0,0.7000
1.5136,0.6137,0.6938,0.7311,0.8409,220.0,220.0,0.7000
1.5149,0.5999,0.7043,0.7318,0.8419,220.0,220.0,0.7000
1.5163,0.6435,0.6930,0.7327,0.8428,220.0,220.0,0.7000
1.5177,0.6372,0.6372,0.7336,0.8437,220.0,220.0,0.7000
1.5191,0.6097,0.6606,0.7345,0.8446,220.0,220.0,0.7000
1.5204,0.5976,0.6755,0.7353,0.8455,220.0,220.0,0.7000
1.5218,0.6034,0.7040,0.7361,0.8465,220.0,220.0,0.7000
1.5231,0.6167,0.6938,0.7369,0.8474,220.0,220.0,0.7000
1.5246,0.6095,0.6582,0.7378,0.8484,220.0,220.0,0.7000
1.5259,0.5984,0.6732,0.7386,0.8493,220.0,220.0,0.7000
1.5273,0.6004,0.6504,0.7394,0.8502,220.0,220.0,0.7000
1.5287,0.6115,0.6624,0.7403,0.8511,220.0,220.0,0.7000
1.5300,0.6064,0.6591,0.7411,0.8520,220.0,220.0,0.7000
1.5313,0.6293,0.6817,0.7419,0.8529,220.0,220.0,0.7000
1.5327,0.6182,0.6677,0.7428,0.8538,220.0,220.0,0.7000
1.5341,0.6111,0.6845,0.7436,0.8548,220.0,220.0,0.7000
1.5355,0.6039,0.7046,0.7444,0.8557,220.0,220.0,0.7000
1.5368,0.6317,0.6823,0.7453,0.8567,220.0,220.0,0.7000
1.5382,0.5843,0.6606,0.7461,0.8575,220.0,220.0,0.7000
1.5396,0.6592,0.6845,0.7470,0.8585,220.0,220.0,0.7000
1.5409,0.6398,0.7165,0.7479,0.8594,220.0,220.0,0.7000
1.5424,0.6063,0.6961,0.7488,0.8605,220.0,220.0,0.7000
1.5439,0.5907,0.6616,0.7497,0.8615,220.0,220.0,0.7000
1.5453,0.6315,0.6801,0.7506,0.8625,220.0,220.0,0.7000
1.5466,0.6397,0.6397,0.7514,0.8633,220.0,220.0,0.7000
1.5480,0.5965,0.6743,0.7522,0.8642,220.0,220.0,0.7000
1.5493,0.6133,0.6900,0.7530,0.8651,220.0,220.0,0.7000
1.5507,0.6137,0.7160,0.7538,0.8661,220.0,220.0,0.7000
1.5521,0.6100,0.6588,0.7547,0.8670,220.0,220.0,0.7000
1.5535,0.6447,0.6695,0.7556,0.8679,220.0,220.0,0.7000
1.5548,0.6028,0.6530,0.7564,0.8688,220.0,220.0,0.7000
1.5562,0.5887,0.6655,0.7572,0.8697,220.0,220.0,0.7000
1.5575,0.6054,0.6580,0.7580,0.8706,220.0,220.0,0.7000
1.5589,0.6178,0.6891,0.7589,0.8716,220.0,220.0,0.7000
1.5604,0.6236,0.6715,0.7598,0.8726,220.0,220.0,0.7000
1.5617,0.6113,0.6877,0.7606,0.8735,220.0,220.0,0.7000
1.5630,0.6100,0.6631,0.7614,0.8744,220.0,220.0,0.7000
1.5644,0.6156,0.6669,0.7623,0.8753,220.0,220.0,0.7000
1.5657,0.6359,0.6868,0.7631,0.8762,220.0,220.0,0.7000
